pc_time_s,teensy_time_us,ax,ay,az,gx,gy,gz,load_raw
0.0035462379455566406,1281310023,3.191,-9.098,1.453,0.000,0.000,0.000,-222738
0.0038483142852783203,1281316455,3.152,-9.094,1.453,0.000,0.000,0.000,-222161
0.00410914421081543,1281322888,3.152,-9.094,1.453,0.000,0.000,0.000,-222523
0.004390239715576172,1281327108,3.191,-9.098,1.492,0.000,0.000,0.000,-222484
0.00464320182800293,1281333540,3.191,-9.098,1.492,0.000,0.000,0.000,-222386
0.004855155944824219,1281336760,3.191,-9.098,1.527,0.000,0.000,0.000,-222487
0.0050542354583740234,1281344193,3.191,-9.098,1.527,0.000,0.000,0.000,-222464
0.00526118278503418,1281348413,3.191,-9.098,1.527,0.000,0.000,0.000,-222264
0.005461215972900391,1281351634,3.191,-9.098,1.492,0.000,0.000,0.000,-222728
0.005662202835083008,1281358067,3.152,-9.094,1.453,0.000,0.000,0.000,-222129
0.0058743953704833984,1281362288,3.152,-9.094,1.453,0.000,0.000,0.000,-222024
0.00626826286315918,1281365508,3.152,-9.094,1.453,0.000,0.000,0.000,-223030
0.006861209869384766,1281372942,3.152,-9.094,1.453,0.000,0.000,0.000,-222575
0.00708317756652832,1281376162,3.152,-9.094,1.527,0.000,0.000,0.000,-222469
0.0073053836822509766,1281383595,3.152,-9.094,1.527,0.000,0.000,0.000,-222091
0.007520198822021484,1281386816,3.191,-9.094,1.566,0.000,0.000,0.000,-223155
0.0077321529388427734,1281393250,3.152,-9.094,1.527,0.000,0.000,0.000,-222663
0.007955312728881836,1281396471,3.152,-9.094,1.527,0.000,0.000,0.000,-222480
0.008184194564819336,1281402904,3.152,-9.094,1.527,0.000,0.000,0.000,-222990
0.008411169052124023,1281407124,3.152,-9.059,1.492,0.000,0.000,0.000,-222781
0.00862431526184082,1281413557,3.152,-9.059,1.492,0.000,0.000,0.000,-222260
0.008848190307617188,1281416777,3.152,-9.094,1.527,0.000,0.000,0.000,-222003
0.00905919075012207,1281424209,3.152,-9.094,1.527,0.000,0.000,0.000,-222598
0.009280204772949219,1281428429,3.152,-9.094,1.492,0.000,0.000,0.000,-222450
0.00949406623840332,1281431649,3.152,-9.094,1.492,0.000,0.000,0.000,-222138
0.009707212448120117,1281438082,3.152,-9.094,1.492,0.000,0.000,0.000,-222082
0.00993204116821289,1281442302,3.191,-9.098,1.492,0.000,0.000,0.000,-223298
0.010143041610717773,1281448734,3.152,-9.094,1.453,0.000,0.000,0.000,-222583
0.010425090789794922,1281451954,3.152,-9.094,1.453,0.000,0.000,0.000,-222490
0.010603189468383789,1281455175,3.152,-9.094,1.453,0.000,0.000,0.000,-223008
0.010792255401611328,1281463608,3.191,-9.055,1.453,0.000,0.000,0.000,-223378
0.010972261428833008,1281466828,3.191,-9.055,1.453,0.000,0.000,0.000,-222605
0.011151313781738281,1281470048,3.191,-9.055,1.453,0.000,0.000,0.000,-222908
0.011341094970703125,1281476481,3.227,-9.059,1.527,0.000,0.000,0.000,-223099
0.011595010757446289,1281482914,3.227,-9.059,1.527,0.000,0.000,0.000,-222387
0.0119171142578125,1281487134,3.227,-9.059,1.527,0.000,0.000,0.000,-223203
0.012106180191040039,1281490354,3.227,-9.059,1.527,0.000,0.000,0.000,-222991
0.012296199798583984,1281497787,3.191,-9.098,1.492,0.000,0.000,0.000,-222758
0.012574195861816406,1281500007,3.191,-9.098,1.492,0.000,0.000,0.000,-221993
0.012819290161132812,1281507440,3.191,-9.137,1.492,0.000,0.000,0.000,-223090
0.013012409210205078,1281510660,3.191,-9.137,1.492,0.000,0.000,0.000,-222272
0.01320338249206543,1281517093,3.191,-9.137,1.492,0.000,0.000,0.000,-221963
0.013389110565185547,1281523526,3.191,-9.098,1.492,0.000,0.000,0.000,-223083
0.013578176498413086,1281527746,3.152,-9.133,1.492,0.000,0.000,0.000,-222948
0.013768196105957031,1281530966,3.152,-9.133,1.492,0.000,0.000,0.000,-222868
0.013947248458862305,1281537399,3.191,-9.098,1.492,0.000,0.000,0.000,-223636
0.014136075973510742,1281540620,3.191,-9.098,1.492,0.000,0.000,0.000,-223617
0.014347076416015625,1281548038,3.152,-9.094,1.453,0.000,0.000,0.000,-222771
0.014528036117553711,1281551258,3.152,-9.094,1.453,0.000,0.000,0.000,-222742
0.014713287353515625,1281557691,3.191,-9.055,1.414,0.000,0.000,0.000,-222256
0.014893054962158203,1281561912,3.191,-9.055,1.414,0.000,0.000,0.000,-222903
0.01508021354675293,1281565132,3.191,-9.055,1.414,0.000,0.000,0.000,-222330
0.01526021957397461,1281572564,3.191,-9.055,1.414,0.000,0.000,0.000,-222351
0.015438079833984375,1281578997,3.191,-9.098,1.492,0.000,0.000,0.000,-222676
0.015622138977050781,1281583218,3.227,-9.094,1.527,0.000,0.000,0.000,-222486
0.01580333709716797,1281586438,3.227,-9.094,1.527,0.000,0.000,0.000,-222819
0.016000032424926758,1281592856,3.152,-9.059,1.492,0.000,0.000,0.000,-222292
0.016184091567993164,1281596076,3.152,-9.059,1.492,0.000,0.000,0.000,-223179
0.016370296478271484,1281602509,3.152,-9.094,1.453,0.000,0.000,0.000,-222461
0.016534090042114258,1281606729,3.227,-9.094,1.492,0.000,0.000,0.000,-222234
0.01668834686279297,1281613162,3.191,-9.098,1.527,0.000,0.000,0.000,-222453
0.016852378845214844,1281616382,3.191,-9.098,1.527,0.000,0.000,0.000,-222794
0.01700615882873535,1281623815,3.191,-9.098,1.527,0.000,0.000,0.000,-223413
0.0171661376953125,1281628036,3.191,-9.098,1.527,0.000,0.000,0.000,-222933
0.017323017120361328,1281630257,3.152,-9.094,1.527,0.000,0.000,0.000,-222667
0.017484188079833984,1281636690,3.152,-9.094,1.492,0.000,0.000,0.000,-223266
0.017646074295043945,1281644123,3.152,-9.094,1.492,0.000,0.000,0.000,-222413
0.017817258834838867,1281647343,3.152,-9.094,1.492,0.000,0.000,0.000,-222978
0.017983198165893555,1281650564,3.152,-9.059,1.414,0.000,0.000,0.000,-222665
0.01813817024230957,1281657996,3.191,-9.098,1.453,0.000,0.000,0.000,-222658
0.0183103084564209,1281661217,3.191,-9.098,1.453,0.000,0.000,0.000,-222296
0.01850128173828125,1281668650,3.227,-9.094,1.527,0.000,0.000,0.000,-222045
0.01866316795349121,1281671870,3.227,-9.094,1.527,0.000,0.000,0.000,-222864
0.018828153610229492,1281675090,3.227,-9.094,1.527,0.000,0.000,0.000,-222556
0.018981218338012695,1281682523,3.227,-9.094,1.527,0.000,0.000,0.000,-222069
0.019144296646118164,1281688955,3.191,-9.098,1.492,0.000,0.000,0.000,-223172
0.0193023681640625,1281692175,3.191,-9.098,1.453,0.000,0.000,0.000,-222569
0.019465208053588867,1281698608,3.191,-9.098,1.453,0.000,0.000,0.000,-222761
0.01962113380432129,1281702828,3.191,-9.098,1.453,0.000,0.000,0.000,-222092
0.019787073135375977,1281705048,3.191,-9.098,1.492,0.000,0.000,0.000,-222903
0.01995229721069336,1281712481,3.152,-9.094,1.527,0.000,0.000,0.000,-221694
0.020107030868530273,1281718914,3.152,-9.094,1.527,0.000,0.000,0.000,-222800
0.02027416229248047,1281723134,3.152,-9.094,1.527,0.000,0.000,0.000,-223081
0.020441293716430664,1281727354,3.152,-9.094,1.527,0.000,0.000,0.000,-222622
0.020604372024536133,1281730574,3.152,-9.094,1.527,0.000,0.000,0.000,-222983
0.020759105682373047,1281738007,3.152,-9.094,1.414,0.000,0.000,0.000,-222608
0.020920276641845703,1281741228,3.152,-9.094,1.414,0.000,0.000,0.000,-223045
0.02107524871826172,1281747660,3.191,-9.098,1.414,0.000,0.000,0.000,-223120
0.02123117446899414,1281750880,3.191,-9.098,1.414,0.000,0.000,0.000,-222516
0.021393299102783203,1281757312,3.191,-9.098,1.414,0.000,0.000,0.000,-222494
0.021549224853515625,1281762744,3.227,-9.133,1.453,0.000,0.000,0.000,-222567
0.021712303161621094,1281766964,3.191,-9.098,1.527,0.000,0.000,0.000,-221868
0.021870136260986328,1281770184,3.191,-9.098,1.527,0.000,0.000,0.000,-222576
0.02203536033630371,1281776617,3.227,-9.098,1.566,0.000,0.000,0.000,-222493
0.022190093994140625,1281783049,3.227,-9.098,1.566,0.000,0.000,0.000,-222366
0.022345304489135742,1281787269,3.191,-9.098,1.414,0.000,0.000,0.000,-223095
0.022505998611450195,1281793703,3.191,-9.098,1.414,0.000,0.000,0.000,-223485
0.022660255432128906,1281796923,3.191,-9.098,1.414,0.000,0.000,0.000,-222879
0.022822141647338867,1281802356,3.191,-9.055,1.414,0.000,0.000,0.000,-223075
0.022976160049438477,1281806577,3.191,-9.098,1.492,0.000,0.000,0.000,-222551
0.02314019203186035,1281814010,3.191,-9.094,1.566,0.000,0.000,0.000,-222689
0.02329421043395996,1281817230,3.191,-9.094,1.566,0.000,0.000,0.000,-222270
0.023450136184692383,1281820451,3.191,-9.094,1.566,0.000,0.000,0.000,-222952
0.02361321449279785,1281827883,3.152,-9.094,1.492,0.000,0.000,0.000,-222997
0.023766040802001953,1281830103,3.152,-9.094,1.492,0.000,0.000,0.000,-222359
0.02403426170349121,1281836537,3.152,-9.059,1.492,0.000,0.000,0.000,-222857
0.02419114112854004,1281843970,3.152,-9.059,1.492,0.000,0.000,0.000,-222785
0.024337291717529297,1281848190,3.152,-9.059,1.492,0.000,0.000,0.000,-223053
0.024474143981933594,1281850412,3.191,-9.098,1.453,0.000,0.000,0.000,-223123
0.024611234664916992,1281858845,3.191,-9.098,1.527,0.000,0.000,0.000,-222314
0.024761199951171875,1281863065,3.191,-9.098,1.527,0.000,0.000,0.000,-222636
0.024898052215576172,1281866286,3.191,-9.137,1.527,0.000,0.000,0.000,-222429
0.02504444122314453,1281872506,3.191,-9.137,1.527,0.000,0.000,0.000,-222564
0.02520012855529785,1281876726,3.191,-9.137,1.527,0.000,0.000,0.000,-222580
0.02534031867980957,1281884158,3.191,-9.137,1.527,0.000,0.000,0.000,-222781
0.02547931671142578,1281887378,3.191,-9.137,1.527,0.000,0.000,0.000,-222537
0.025618314743041992,1281893811,3.191,-9.098,1.453,0.000,0.000,0.000,-223259
0.025761127471923828,1281897031,3.152,-9.094,1.453,0.000,0.000,0.000,-222322
0.025899171829223633,1281900251,3.152,-9.094,1.453,0.000,0.000,0.000,-222774
0.026043176651000977,1281908684,3.191,-9.098,1.492,0.000,0.000,0.000,-222267
0.02618122100830078,1281911905,3.191,-9.098,1.492,0.000,0.000,0.000,-222622
0.026320219039916992,1281915126,3.191,-9.098,1.492,0.000,0.000,0.000,-222828
0.02646017074584961,1281922559,3.152,-9.133,1.492,0.000,0.000,0.000,-222030
0.026598215103149414,1281928991,3.152,-9.133,1.492,0.000,0.000,0.000,-222266
0.02674102783203125,1281932212,3.191,-9.098,1.492,0.000,0.000,0.000,-222279
0.02687835693359375,1281938644,3.191,-9.098,1.492,0.000,0.000,0.000,-222681
0.027021169662475586,1281942864,3.191,-9.098,1.492,0.000,0.000,0.000,-222729
0.027158021926879883,1281945085,3.152,-9.133,1.453,0.000,0.000,0.000,-222300
0.0272982120513916,1281951518,3.152,-9.094,1.492,0.000,0.000,0.000,-222827
0.027436256408691406,1281957950,3.152,-9.094,1.492,0.000,0.000,0.000,-222873
0.027573108673095703,1281961171,3.191,-9.137,1.527,0.000,0.000,0.000,-222357
0.02771615982055664,1281968603,3.227,-9.133,1.492,0.000,0.000,0.000,-222109
0.02785205841064453,1281971823,3.227,-9.133,1.492,0.000,0.000,0.000,-222777
0.02799534797668457,1281975043,3.227,-9.133,1.492,0.000,0.000,0.000,-223501
0.02813434600830078,1281983475,3.227,-9.133,1.492,0.000,0.000,0.000,-222851
0.0282742977142334,1281986696,3.191,-9.098,1.492,0.000,0.000,0.000,-222462
0.028412342071533203,1281994130,3.191,-9.098,1.492,0.000,0.000,0.000,-221461
0.0285491943359375,1281997350,3.191,-9.098,1.492,0.000,0.000,0.000,-222916
0.02869415283203125,1282002767,3.227,-9.094,1.527,0.000,0.000,0.000,-223044
0.028832197189331055,1282006987,3.191,-9.098,1.492,0.000,0.000,0.000,-222161
0.028974294662475586,1282010207,3.191,-9.098,1.492,0.000,0.000,0.000,-223218
0.02911210060119629,1282015641,3.152,-9.094,1.453,0.000,0.000,0.000,-223263
0.029256343841552734,1282023074,3.152,-9.094,1.453,0.000,0.000,0.000,-222717
0.029395341873168945,1282027294,3.152,-9.094,1.453,0.000,0.000,0.000,-222548
0.02953505516052246,1282032727,3.152,-9.094,1.453,0.000,0.000,0.000,-222234
0.029677152633666992,1282039159,3.152,-9.094,1.492,0.000,0.000,0.000,-222638
0.02981400489807129,1282042380,3.152,-9.094,1.492,0.000,0.000,0.000,-222236
0.02995610237121582,1282045601,3.191,-9.137,1.453,0.000,0.000,0.000,-223420
0.0300900936126709,1282053034,3.191,-9.137,1.453,0.000,0.000,0.000,-222763
0.030219078063964844,1282055254,3.152,-9.133,1.492,0.000,0.000,0.000,-222671
0.03034234046936035,1282062686,3.191,-9.098,1.527,0.000,0.000,0.000,-222455
0.030469179153442383,1282068119,3.191,-9.098,1.527,0.000,0.000,0.000,-222335
0.030595064163208008,1282070340,3.191,-9.098,1.492,0.000,0.000,0.000,-222525
0.03071904182434082,1282077773,3.152,-9.133,1.527,0.000,0.000,0.000,-222056
0.03085017204284668,1282080994,3.152,-9.133,1.527,0.000,0.000,0.000,-222678
0.030973196029663086,1282085214,3.152,-9.133,1.527,0.000,0.000,0.000,-222460
0.031099319458007812,1282092647,3.113,-9.094,1.453,0.000,0.000,0.000,-221678
0.031223058700561523,1282098080,3.152,-9.094,1.492,0.000,0.000,0.000,-221893
0.03134727478027344,1282102300,3.152,-9.094,1.492,0.000,0.000,0.000,-222702
0.03147602081298828,1282105520,3.152,-9.094,1.492,0.000,0.000,0.000,-223064
0.03159809112548828,1282112953,3.152,-9.094,1.492,0.000,0.000,0.000,-222842
0.03172731399536133,1282115173,3.152,-9.094,1.492,0.000,0.000,0.000,-222578
0.03185105323791504,1282122606,3.152,-9.094,1.527,0.000,0.000,0.000,-223514
0.03198528289794922,1282125826,3.152,-9.094,1.527,0.000,0.000,0.000,-222018
0.032111167907714844,1282130046,3.191,-9.098,1.492,0.000,0.000,0.000,-222274
0.032235145568847656,1282136478,3.191,-9.098,1.492,0.000,0.000,0.000,-221918
0.032363176345825195,1282143910,3.191,-9.098,1.492,0.000,0.000,0.000,-222507
0.0324862003326416,1282147131,3.191,-9.098,1.527,0.000,0.000,0.000,-222798
0.03267836570739746,1282150351,3.191,-9.098,1.527,0.000,0.000,0.000,-223244
0.032801151275634766,1282156784,3.227,-9.055,1.566,0.000,0.000,0.000,-222814
0.0329279899597168,1282160005,3.227,-9.055,1.566,0.000,0.000,0.000,-222756
0.03305220603942871,1282165437,3.191,-9.137,1.527,0.000,0.000,0.000,-221931
0.03317618370056152,1282172870,3.152,-9.094,1.492,0.000,0.000,0.000,-222857
0.033306121826171875,1282175090,3.152,-9.094,1.492,0.000,0.000,0.000,-222498
0.03343009948730469,1282181523,3.152,-9.094,1.492,0.000,0.000,0.000,-222180
0.042600393295288086,1282187955,3.113,-9.094,1.527,0.000,0.000,0.000,-222736
0.042748212814331055,1282191175,3.113,-9.094,1.527,0.000,0.000,0.000,-223045
0.042876243591308594,1282197609,3.113,-9.094,1.527,0.000,0.000,0.000,-222041
0.04301118850708008,1282204042,3.191,-9.094,1.566,0.000,0.000,0.000,-222122
0.043134212493896484,1282208262,3.191,-9.098,1.453,0.000,0.000,0.000,-222370
0.04326510429382324,1282211483,3.191,-9.098,1.453,0.000,0.000,0.000,-222532
0.043389320373535156,1282217916,3.191,-9.098,1.453,0.000,0.000,0.000,-222843
0.043520212173461914,1282220137,3.191,-9.098,1.453,0.000,0.000,0.000,-223126
0.04364323616027832,1282227569,3.191,-9.055,1.453,0.000,0.000,0.000,-222650
0.04376506805419922,1282231790,3.191,-9.055,1.453,0.000,0.000,0.000,-221903
0.04389810562133789,1282235010,3.191,-9.055,1.453,0.000,0.000,0.000,-222328
0.04402017593383789,1282242443,3.191,-9.098,1.492,0.000,0.000,0.000,-222662
0.04415106773376465,1282245663,3.191,-9.098,1.492,0.000,0.000,0.000,-222347
0.04427337646484375,1282253097,3.191,-9.098,1.492,0.000,0.000,0.000,-222734
0.04440712928771973,1282255317,3.191,-9.098,1.453,0.000,0.000,0.000,-222325
0.04452919960021973,1282263749,3.191,-9.098,1.492,0.000,0.000,0.000,-223025
0.04465532302856445,1282266969,3.191,-9.098,1.492,0.000,0.000,0.000,-222208
0.04478621482849121,1282270190,3.191,-9.098,1.492,0.000,0.000,0.000,-222677
0.04490923881530762,1282276623,3.191,-9.055,1.527,0.000,0.000,0.000,-222042
0.045040130615234375,1282283055,3.191,-9.055,1.527,0.000,0.000,0.000,-222892
0.045162200927734375,1282286276,3.152,-9.094,1.492,0.000,0.000,0.000,-222601
0.04529309272766113,1282292710,3.152,-9.094,1.492,0.000,0.000,0.000,-222569
0.04541730880737305,1282299144,3.191,-9.098,1.492,0.000,0.000,0.000,-222890
0.045539140701293945,1282302364,3.191,-9.098,1.492,0.000,0.000,0.000,-222644
0.045670270919799805,1282305585,3.113,-9.094,1.453,0.000,0.000,0.000,-222385
0.04579424858093262,1282313017,3.113,-9.094,1.453,0.000,0.000,0.000,-222937
0.04592418670654297,1282315237,3.191,-9.098,1.492,0.000,0.000,0.000,-222134
0.046065330505371094,1282322670,3.191,-9.098,1.527,0.000,0.000,0.000,-223185
0.04618716239929199,1282328103,3.191,-9.098,1.527,0.000,0.000,0.000,-222043
0.04631829261779785,1282330323,3.191,-9.098,1.492,0.000,0.000,0.000,-222512
0.04642939567565918,1282337756,3.191,-9.055,1.453,0.000,0.000,0.000,-222475
0.04655003547668457,1282340976,3.191,-9.055,1.453,0.000,0.000,0.000,-222426
0.0466611385345459,1282345197,3.191,-9.055,1.453,0.000,0.000,0.000,-222176
0.046781301498413086,1282352629,3.227,-9.059,1.492,0.000,0.000,0.000,-223715
0.046894073486328125,1282355850,3.227,-9.059,1.492,0.000,0.000,0.000,-222408
0.04700422286987305,1282363284,3.227,-9.059,1.492,0.000,0.000,0.000,-222941
0.047161102294921875,1282365504,3.191,-9.098,1.527,0.000,0.000,0.000,-221805
0.04727506637573242,1282372936,3.152,-9.094,1.527,0.000,0.000,0.000,-222229
0.047405242919921875,1282375157,3.152,-9.094,1.527,0.000,0.000,0.000,-222611
0.0475163459777832,1282383589,3.152,-9.094,1.527,0.000,0.000,0.000,-223291
0.04763221740722656,1282387809,3.113,-9.094,1.453,0.000,0.000,0.000,-222354
0.0477452278137207,1282391030,3.113,-9.094,1.453,0.000,0.000,0.000,-222197
0.04785513877868652,1282395251,3.113,-9.094,1.453,0.000,0.000,0.000,-222667
0.04797530174255371,1282400683,3.152,-9.094,1.492,0.000,0.000,0.000,-222123
0.04808521270751953,1282408116,3.191,-9.094,1.566,0.000,0.000,0.000,-222228
0.048203229904174805,1282411337,3.191,-9.094,1.566,0.000,0.000,0.000,-222659
0.048316240310668945,1282417755,3.191,-9.094,1.566,0.000,0.000,0.000,-221516
0.04842805862426758,1282423188,3.191,-9.137,1.492,0.000,0.000,0.000,-222139
0.048548221588134766,1282427409,3.191,-9.098,1.453,0.000,0.000,0.000,-222478
0.04865837097167969,1282430629,3.191,-9.098,1.453,0.000,0.000,0.000,-222714
0.04877328872680664,1282437063,3.191,-9.098,1.453,0.000,0.000,0.000,-222581
0.04888319969177246,1282443497,3.191,-9.098,1.453,0.000,0.000,0.000,-222662
0.04900217056274414,1282447717,3.191,-9.098,1.492,0.000,0.000,0.000,-222235
0.04911208152770996,1282450937,3.191,-9.098,1.492,0.000,0.000,0.000,-222008
0.04922318458557129,1282457371,3.191,-9.098,1.492,0.000,0.000,0.000,-222453
0.04934120178222656,1282463803,3.191,-9.098,1.492,0.000,0.000,0.000,-222166
0.04945206642150879,1282468024,3.227,-9.094,1.492,0.000,0.000,0.000,-221522
0.04957008361816406,1282470244,3.227,-9.094,1.492,0.000,0.000,0.000,-222946
0.04968118667602539,1282477677,3.191,-9.137,1.492,0.000,0.000,0.000,-222355
0.04979825019836426,1282482897,3.191,-9.137,1.492,0.000,0.000,0.000,-222585
0.049909114837646484,1282486117,3.152,-9.094,1.492,0.000,0.000,0.000,-222971
0.05002021789550781,1282493551,3.152,-9.094,1.492,0.000,0.000,0.000,-222309
0.05013918876647949,1282495772,3.191,-9.055,1.492,0.000,0.000,0.000,-222365
0.050249338150024414,1282503204,3.191,-9.098,1.527,0.000,0.000,0.000,-222933
0.05036807060241699,1282505424,3.191,-9.098,1.527,0.000,0.000,0.000,-222980
0.050478219985961914,1282510856,3.152,-9.094,1.527,0.000,0.000,0.000,-222192
0.05059933662414551,1282518288,3.191,-9.098,1.492,0.000,0.000,0.000,-222226
0.05071902275085449,1282521509,3.191,-9.098,1.492,0.000,0.000,0.000,-222024
0.05083322525024414,1282525729,3.191,-9.098,1.492,0.000,0.000,0.000,-222491
0.05095219612121582,1282533162,3.191,-9.098,1.492,0.000,0.000,0.000,-223111
0.051070213317871094,1282535383,3.152,-9.094,1.492,0.000,0.000,0.000,-222130
0.05119013786315918,1282542818,3.152,-9.094,1.492,0.000,0.000,0.000,-222527
0.05130124092102051,1282546038,3.191,-9.098,1.492,0.000,0.000,0.000,-222618
0.051412343978881836,1282553471,3.191,-9.098,1.492,0.000,0.000,0.000,-223298
0.05153203010559082,1282556691,3.191,-9.098,1.492,0.000,0.000,0.000,-222879
0.05164217948913574,1282564123,3.191,-9.098,1.492,0.000,0.000,0.000,-222150
0.051760196685791016,1282568344,3.191,-9.098,1.492,0.000,0.000,0.000,-222173
0.05187034606933594,1282570565,3.191,-9.098,1.492,0.000,0.000,0.000,-222409
0.051989078521728516,1282577998,3.152,-9.133,1.492,0.000,0.000,0.000,-221774
0.052100181579589844,1282580218,3.152,-9.133,1.492,0.000,0.000,0.000,-222500
0.05221128463745117,1282587652,3.152,-9.133,1.492,0.000,0.000,0.000,-222288
0.05232834815979004,1282590873,3.191,-9.137,1.492,0.000,0.000,0.000,-222603
0.05243802070617676,1282595093,3.191,-9.137,1.492,0.000,0.000,0.000,-222230
0.05255722999572754,1282600525,3.152,-9.094,1.492,0.000,0.000,0.000,-223008
0.05266833305358887,1282608957,3.191,-9.137,1.492,0.000,0.000,0.000,-221992
0.05278635025024414,1282612177,3.191,-9.137,1.492,0.000,0.000,0.000,-222301
0.05289721488952637,1282615397,3.191,-9.137,1.492,0.000,0.000,0.000,-223119
0.0530092716217041,1282621830,3.191,-9.098,1.492,0.000,0.000,0.000,-222612
0.05312824249267578,1282628262,3.227,-9.094,1.492,0.000,0.000,0.000,-222440
0.0532381534576416,1282631485,3.227,-9.094,1.492,0.000,0.000,0.000,-221736
0.05335712432861328,1282638919,3.191,-9.098,1.492,0.000,0.000,0.000,-222230
0.05346822738647461,1282641139,3.191,-9.098,1.492,0.000,0.000,0.000,-222325
0.05358529090881348,1282648571,3.191,-9.098,1.492,0.000,0.000,0.000,-222067
0.053698062896728516,1282651791,3.191,-9.098,1.492,0.000,0.000,0.000,-222856
0.053809165954589844,1282655012,3.191,-9.098,1.492,0.000,0.000,0.000,-222253
0.05392718315124512,1282660445,3.227,-9.094,1.492,0.000,0.000,0.000,-222577
0.054038047790527344,1282667878,3.152,-9.094,1.492,0.000,0.000,0.000,-223269
0.054148197174072266,1282671098,3.152,-9.094,1.492,0.000,0.000,0.000,-222099
0.05425119400024414,1282678530,3.152,-9.059,1.492,0.000,0.000,0.000,-221827
0.05435323715209961,1282680750,3.152,-9.059,1.492,0.000,0.000,0.000,-222804
0.054464101791381836,1282688183,3.191,-9.098,1.527,0.000,0.000,0.000,-222991
0.05456733703613281,1282690403,3.191,-9.098,1.527,0.000,0.000,0.000,-222505
0.05468130111694336,1282695836,3.227,-9.133,1.527,0.000,0.000,0.000,-222236
0.05478310585021973,1282703268,3.227,-9.133,1.527,0.000,0.000,0.000,-222534
0.054897308349609375,1282707488,3.191,-9.098,1.527,0.000,0.000,0.000,-222793
0.05500006675720215,1282710708,3.191,-9.098,1.527,0.000,0.000,0.000,-222536
0.05510306358337402,1282716140,3.152,-9.133,1.492,0.000,0.000,0.000,-222184
0.055213212966918945,1282722573,3.152,-9.133,1.492,0.000,0.000,0.000,-222179
0.05531716346740723,1282725793,3.152,-9.094,1.492,0.000,0.000,0.000,-222475
0.05542612075805664,1282730014,3.152,-9.094,1.492,0.000,0.000,0.000,-221520
0.05552935600280762,1282737448,3.152,-9.094,1.492,0.000,0.000,0.000,-222957
0.05563521385192871,1282740668,3.152,-9.094,1.492,0.000,0.000,0.000,-222896
0.05573916435241699,1282747100,3.191,-9.098,1.492,0.000,0.000,0.000,-222312
0.05584120750427246,1282752532,3.191,-9.098,1.492,0.000,0.000,0.000,-222182
0.05596804618835449,1282758964,3.191,-9.098,1.492,0.000,0.000,0.000,-222482
0.05607414245605469,1282763185,3.152,-9.094,1.492,0.000,0.000,0.000,-222475
0.056182146072387695,1282765405,3.152,-9.094,1.492,0.000,0.000,0.000,-222744
0.056284189224243164,1282772837,3.152,-9.094,1.492,0.000,0.000,0.000,-222166
0.05638718605041504,1282776058,3.152,-9.094,1.492,0.000,0.000,0.000,-222339
0.05649828910827637,1282783491,3.191,-9.098,1.492,0.000,0.000,0.000,-221674
0.05660128593444824,1282786711,3.191,-9.098,1.492,0.000,0.000,0.000,-221769
0.05671119689941406,1282794144,3.191,-9.098,1.527,0.000,0.000,0.000,-222903
0.05681419372558594,1282797364,3.191,-9.098,1.527,0.000,0.000,0.000,-222286
0.05692434310913086,1282800585,3.191,-9.098,1.527,0.000,0.000,0.000,-222457
0.05702710151672363,1282807017,3.152,-9.094,1.527,0.000,0.000,0.000,-222948
0.05713009834289551,1282813449,3.191,-9.098,1.527,0.000,0.000,0.000,-221760
0.05724024772644043,1282815669,3.191,-9.098,1.527,0.000,0.000,0.000,-222179
0.0573430061340332,1282824102,3.191,-9.098,1.527,0.000,0.000,0.000,-221799
0.05745100975036621,1282827322,3.191,-9.098,1.453,0.000,0.000,0.000,-222356
0.05755329132080078,1282833739,3.152,-9.094,1.453,0.000,0.000,0.000,-221717
0.05766916275024414,1282835959,3.152,-9.094,1.453,0.000,0.000,0.000,-222382
0.05777120590209961,1282843392,3.152,-9.094,1.453,0.000,0.000,0.000,-222576
0.0578770637512207,1282846613,3.191,-9.098,1.527,0.000,0.000,0.000,-222640
0.05799508094787598,1282850833,3.191,-9.098,1.527,0.000,0.000,0.000,-222251
0.05810213088989258,1282857265,3.227,-9.094,1.527,0.000,0.000,0.000,-222677
0.05820798873901367,1282860487,3.227,-9.094,1.527,0.000,0.000,0.000,-222335
0.05831027030944824,1282866920,3.191,-9.098,1.492,0.000,0.000,0.000,-222839
0.05841827392578125,1282870141,3.191,-9.098,1.492,0.000,0.000,0.000,-222326
0.058521270751953125,1282875574,3.152,-9.133,1.453,0.000,0.000,0.000,-223062
0.0586240291595459,1282883007,3.152,-9.133,1.453,0.000,0.000,0.000,-222260
0.058732032775878906,1282885227,3.227,-9.094,1.492,0.000,0.000,0.000,-222258
0.05883431434631348,1282893660,3.191,-9.137,1.527,0.000,0.000,0.000,-222866
0.05894136428833008,1282895880,3.191,-9.137,1.527,0.000,0.000,0.000,-222262
0.0590672492980957,1282903313,3.191,-9.098,1.492,0.000,0.000,0.000,-222240
0.05918002128601074,1282905533,3.191,-9.098,1.492,0.000,0.000,0.000,-222474
0.05928230285644531,1282911966,3.152,-9.059,1.453,0.000,0.000,0.000,-222233
0.05938529968261719,1282915186,3.152,-9.059,1.453,0.000,0.000,0.000,-222785
0.05949807167053223,1282921618,3.152,-9.059,1.453,0.000,0.000,0.000,-222956
0.05960226058959961,1282929052,3.152,-9.094,1.453,0.000,0.000,0.000,-222174
0.059713125228881836,1282932272,3.152,-9.094,1.453,0.000,0.000,0.000,-222551
0.05981731414794922,1282935492,3.152,-9.094,1.453,0.000,0.000,0.000,-222055
0.05992913246154785,1282942924,3.152,-9.094,1.527,0.000,0.000,0.000,-222792
0.06003403663635254,1282946144,3.152,-9.094,1.527,0.000,0.000,0.000,-222255
0.06013917922973633,1282953576,3.152,-9.094,1.527,0.000,0.000,0.000,-223142
0.060250282287597656,1282955797,3.191,-9.098,1.492,0.000,0.000,0.000,-222631
0.060369253158569336,1282960017,3.191,-9.098,1.492,0.000,0.000,0.000,-222454
0.06048107147216797,1282967449,3.191,-9.098,1.492,0.000,0.000,0.000,-222267
0.06058335304260254,1282970669,3.191,-9.098,1.492,0.000,0.000,0.000,-222616
0.06069612503051758,1282977102,3.152,-9.094,1.453,0.000,0.000,0.000,-222918
0.06079912185668945,1282980323,3.227,-9.059,1.453,0.000,0.000,0.000,-222093
0.06090235710144043,1282989757,3.227,-9.059,1.453,0.000,0.000,0.000,-222783
0.06100916862487793,1282992977,3.191,-9.098,1.453,0.000,0.000,0.000,-221964
0.0611112117767334,1282995198,3.191,-9.098,1.453,0.000,0.000,0.000,-223424
0.06122922897338867,1283003630,3.191,-9.098,1.527,0.000,0.000,0.000,-222799
0.06133222579956055,1283005850,3.191,-9.098,1.527,0.000,0.000,0.000,-223605
0.06144309043884277,1283012283,3.191,-9.098,1.527,0.000,0.000,0.000,-222027
0.061545372009277344,1283015503,3.191,-9.098,1.527,0.000,0.000,0.000,-222519
0.06164717674255371,1283022936,3.191,-9.098,1.453,0.000,0.000,0.000,-222505
0.06175732612609863,1283026156,3.191,-9.098,1.453,0.000,0.000,0.000,-223237
0.061859130859375,1283033589,3.152,-9.094,1.492,0.000,0.000,0.000,-221425
0.06196141242980957,1283035809,3.152,-9.094,1.492,0.000,0.000,0.000,-222655
0.0620572566986084,1283040030,3.152,-9.094,1.492,0.000,0.000,0.000,-222495
0.06215500831604004,1283047463,3.191,-9.098,1.527,0.000,0.000,0.000,-222453
0.06225419044494629,1283053895,3.191,-9.098,1.492,0.000,0.000,0.000,-222892
0.06235027313232422,1283057115,3.191,-9.098,1.492,0.000,0.000,0.000,-222036
0.06244921684265137,1283060335,3.191,-9.098,1.492,0.000,0.000,0.000,-221811
0.0625452995300293,1283066768,3.152,-9.133,1.453,0.000,0.000,0.000,-221874
0.06265020370483398,1283070988,3.152,-9.133,1.453,0.000,0.000,0.000,-222952
0.06274628639221191,1283077420,3.152,-9.094,1.453,0.000,0.000,0.000,-221703
0.06284523010253906,1283080641,3.152,-9.094,1.453,0.000,0.000,0.000,-222148
0.0629429817199707,1283087074,3.191,-9.094,1.566,0.000,0.000,0.000,-223024
0.06303834915161133,1283090294,3.191,-9.094,1.566,0.000,0.000,0.000,-222365
0.0631411075592041,1283095727,3.191,-9.098,1.492,0.000,0.000,0.000,-222793
0.06323814392089844,1283101161,3.191,-9.098,1.527,0.000,0.000,0.000,-221693
0.06333804130554199,1283108594,3.191,-9.137,1.492,0.000,0.000,0.000,-222962
0.06343412399291992,1283111814,3.191,-9.137,1.492,0.000,0.000,0.000,-222133
0.06353306770324707,1283115034,3.191,-9.137,1.492,0.000,0.000,0.000,-221661
0.0636301040649414,1283120466,3.191,-9.098,1.492,0.000,0.000,0.000,-223683
0.06372714042663574,1283128899,3.191,-9.094,1.566,0.000,0.000,0.000,-222748
0.06383013725280762,1283132119,3.191,-9.094,1.566,0.000,0.000,0.000,-222923
0.06392621994018555,1283135339,3.191,-9.094,1.566,0.000,0.000,0.000,-222323
0.06402826309204102,1283140771,3.191,-9.098,1.527,0.000,0.000,0.000,-222418
0.06412315368652344,1283148204,3.191,-9.098,1.492,0.000,0.000,0.000,-221852
0.06422233581542969,1283151425,3.191,-9.098,1.492,0.000,0.000,0.000,-222229
0.06431913375854492,1283157859,3.152,-9.059,1.492,0.000,0.000,0.000,-222258
0.06441497802734375,1283160079,3.152,-9.059,1.492,0.000,0.000,0.000,-222530
0.06451725959777832,1283168511,3.191,-9.098,1.492,0.000,0.000,0.000,-222770
0.06461215019226074,1283170732,3.191,-9.098,1.492,0.000,0.000,0.000,-222784
0.06471133232116699,1283178164,3.191,-9.098,1.492,0.000,0.000,0.000,-222534
0.06480622291564941,1283181384,3.191,-9.098,1.492,0.000,0.000,0.000,-222468
0.06490802764892578,1283185604,3.191,-9.098,1.492,0.000,0.000,0.000,-222014
0.06500411033630371,1283193037,3.191,-9.098,1.492,0.000,0.000,0.000,-221653
0.06510019302368164,1283195257,3.191,-9.098,1.492,0.000,0.000,0.000,-222582
0.0652012825012207,1283203689,3.191,-9.055,1.492,0.000,0.000,0.000,-222536
0.06529736518859863,1283205910,3.191,-9.055,1.492,0.000,0.000,0.000,-221916
0.06539702415466309,1283210131,3.191,-9.055,1.492,0.000,0.000,0.000,-223427
0.06549310684204102,1283215563,3.191,-9.055,1.527,0.000,0.000,0.000,-222943
0.06559014320373535,1283222996,3.191,-9.055,1.527,0.000,0.000,0.000,-222276
0.06568622589111328,1283226217,3.152,-9.059,1.492,0.000,0.000,0.000,-222446
0.0657811164855957,1283233651,3.152,-9.059,1.492,0.000,0.000,0.000,-221902
0.06587815284729004,1283235871,3.191,-9.137,1.527,0.000,0.000,0.000,-222778
0.06598401069641113,1283241091,3.191,-9.137,1.527,0.000,0.000,0.000,-222466
0.06608104705810547,1283248524,3.152,-9.133,1.453,0.000,0.000,0.000,-222243
0.0661780834197998,1283250744,3.152,-9.133,1.453,0.000,0.000,0.000,-222372
0.06627416610717773,1283258176,3.191,-9.098,1.492,0.000,0.000,0.000,-221939
0.06637024879455566,1283261397,3.191,-9.098,1.492,0.000,0.000,0.000,-222089
0.06646609306335449,1283265618,3.191,-9.098,1.492,0.000,0.000,0.000,-222621
0.06656217575073242,1283273051,3.191,-9.098,1.527,0.000,0.000,0.000,-222133
0.06665921211242676,1283276271,3.191,-9.098,1.527,0.000,0.000,0.000,-222514
0.0667562484741211,1283283703,3.191,-9.098,1.527,0.000,0.000,0.000,-221875
0.07062220573425293,1283285923,3.191,-9.098,1.492,0.000,0.000,0.000,-223176
0.07074117660522461,1283290143,3.191,-9.098,1.492,0.000,0.000,0.000,-222730
0.07084131240844727,1283295577,3.191,-9.098,1.492,0.000,0.000,0.000,-221796
0.07094311714172363,1283304010,3.191,-9.098,1.492,0.000,0.000,0.000,-223154
0.07862520217895508,1283306230,3.191,-9.098,1.527,0.000,0.000,0.000,-222127
0.08075714111328125,1283312662,3.152,-9.094,1.492,0.000,0.000,0.000,-222569
0.08717226982116699,1283318095,3.191,-9.098,1.527,0.000,0.000,0.000,-222357
0.09269404411315918,1283320315,3.191,-9.098,1.527,0.000,0.000,0.000,-222953
0.09483218193054199,1283328733,3.191,-9.055,1.527,0.000,0.000,0.000,-222706
0.10334324836730957,1283331953,3.191,-9.055,1.527,0.000,0.000,0.000,-221785
0.12176942825317383,1283335174,3.191,-9.055,1.527,0.000,0.000,0.000,-222974
0.12191319465637207,1283340607,3.191,-9.137,1.492,0.000,0.000,0.000,-222170
0.12203812599182129,1283348039,3.152,-9.094,1.492,0.000,0.000,0.000,-222037
0.12257623672485352,1283351259,3.152,-9.094,1.492,0.000,0.000,0.000,-222142
0.12579727172851562,1283357691,3.113,-9.094,1.492,0.000,0.000,0.000,-222247
0.13228917121887207,1283360912,3.113,-9.094,1.492,0.000,0.000,0.000,-222866
0.13557028770446777,1283365132,3.113,-9.094,1.492,0.000,0.000,0.000,-222645
0.15198802947998047,1283372565,3.152,-9.133,1.527,0.000,0.000,0.000,-222211
0.1521463394165039,1283375785,3.152,-9.133,1.527,0.000,0.000,0.000,-222910
0.15228533744812012,1283383218,3.191,-9.098,1.492,0.000,0.000,0.000,-222124
0.15778827667236328,1283386439,3.191,-9.098,1.492,0.000,0.000,0.000,-222689
0.16100120544433594,1283393872,3.191,-9.098,1.492,0.000,0.000,0.000,-223031
0.16854310035705566,1283396092,3.191,-9.098,1.492,0.000,0.000,0.000,-222206
0.18648338317871094,1283403524,3.191,-9.055,1.492,0.000,0.000,0.000,-222549
0.18665719032287598,1283405744,3.191,-9.055,1.492,0.000,0.000,0.000,-222141
0.186812162399292,1283413176,3.191,-9.055,1.492,0.000,0.000,0.000,-222741
0.18784427642822266,1283415396,3.191,-9.098,1.453,0.000,0.000,0.000,-222861
0.19000720977783203,1283423829,3.191,-9.098,1.453,0.000,0.000,0.000,-222454
0.19852423667907715,1283426049,3.191,-9.098,1.453,0.000,0.000,0.000,-221582
0.20074129104614258,1283431481,3.191,-9.137,1.414,0.000,0.000,0.000,-222370
0.22178936004638672,1283438913,3.191,-9.098,1.527,0.000,0.000,0.000,-223529
0.22198033332824707,1283442133,3.191,-9.098,1.527,0.000,0.000,0.000,-221913
0.22216129302978516,1283446353,3.191,-9.098,1.527,0.000,0.000,0.000,-222006
0.22234439849853516,1283453785,3.191,-9.098,1.527,0.000,0.000,0.000,-223206
0.2284543514251709,1283456005,3.191,-9.098,1.527,0.000,0.000,0.000,-222755
0.23071527481079102,1283460225,3.191,-9.098,1.527,0.000,0.000,0.000,-222650
0.2348952293395996,1283466657,3.191,-9.098,1.453,0.000,0.000,0.000,-222094
0.25665831565856934,1283474089,3.191,-9.098,1.492,0.000,0.000,0.000,-222722
0.2568960189819336,1283477309,3.191,-9.098,1.492,0.000,0.000,0.000,-222424
0.2571132183074951,1283480529,3.191,-9.098,1.492,0.000,0.000,0.000,-221952
0.25733137130737305,1283488963,3.191,-9.098,1.492,0.000,0.000,0.000,-223338
0.2637052536010742,1283491184,3.191,-9.098,1.492,0.000,0.000,0.000,-222794
0.2658390998840332,1283495405,3.191,-9.098,1.492,0.000,0.000,0.000,-221931
0.27003908157348633,1283503837,3.152,-9.094,1.492,0.000,0.000,0.000,-222405
0.2905752658843994,1283508057,3.152,-9.094,1.492,0.000,0.000,0.000,-223042
0.29080724716186523,1283510278,3.152,-9.094,1.492,0.000,0.000,0.000,-222748
0.2909891605377197,1283517712,3.191,-9.098,1.453,0.000,0.000,0.000,-222586
0.2923452854156494,1283520932,3.191,-9.098,1.453,0.000,0.000,0.000,-222344
0.2955284118652344,1283525152,3.191,-9.098,1.453,0.000,0.000,0.000,-222816
0.29981112480163574,1283532585,3.191,-9.098,1.527,0.000,0.000,0.000,-222092
0.3072693347930908,1283535805,3.191,-9.098,1.527,0.000,0.000,0.000,-222526
0.32707715034484863,1283542237,3.191,-9.055,1.527,0.000,0.000,0.000,-222760
0.3273582458496094,1283545459,3.191,-9.055,1.527,0.000,0.000,0.000,-222719
0.3275420665740967,1283552892,3.191,-9.098,1.453,0.000,0.000,0.000,-222839
0.3277251720428467,1283556112,3.191,-9.098,1.453,0.000,0.000,0.000,-222786
0.3307831287384033,1283563544,3.152,-9.094,1.527,0.000,0.000,0.000,-223016
0.3382551670074463,1283565765,3.152,-9.094,1.527,0.000,0.000,0.000,-223005
0.35039424896240234,1283573198,3.152,-9.133,1.492,0.000,0.000,0.000,-223281
0.35059022903442383,1283575418,3.152,-9.133,1.492,0.000,0.000,0.000,-222036
0.3507671356201172,1283580851,3.191,-9.098,1.492,0.000,0.000,0.000,-222150
0.35548901557922363,1283585072,3.191,-9.098,1.492,0.000,0.000,0.000,-222030
0.35967111587524414,1283591504,3.191,-9.098,1.492,0.000,0.000,0.000,-222436
0.3661482334136963,1283597936,3.191,-9.055,1.453,0.000,0.000,0.000,-222330
0.3726682662963867,1283600157,3.191,-9.055,1.453,0.000,0.000,0.000,-222891
0.38112831115722656,1283608590,3.191,-9.098,1.527,0.000,0.000,0.000,-222683
0.38327503204345703,1283611810,3.191,-9.098,1.527,0.000,0.000,0.000,-222240
0.38650012016296387,1283615031,3.191,-9.098,1.527,0.000,0.000,0.000,-222643
0.38971424102783203,1283620464,3.191,-9.137,1.492,0.000,0.000,0.000,-222523
0.39544129371643066,1283627896,3.191,-9.098,1.527,0.000,0.000,0.000,-222120
0.4026501178741455,1283631116,3.191,-9.098,1.527,0.000,0.000,0.000,-222663
0.42157912254333496,1283636549,3.152,-9.133,1.492,0.000,0.000,0.000,-223109
0.42191624641418457,1283640769,3.152,-9.133,1.492,0.000,0.000,0.000,-222641
0.42216014862060547,1283648201,3.191,-9.098,1.492,0.000,0.000,0.000,-222302
0.42289018630981445,1283651421,3.191,-9.098,1.492,0.000,0.000,0.000,-222189
0.4261202812194824,1283657853,3.191,-9.098,1.527,0.000,0.000,0.000,-222419
0.4326012134552002,1283661073,3.191,-9.098,1.527,0.000,0.000,0.000,-222086
0.43582630157470703,1283668505,3.191,-9.098,1.492,0.000,0.000,0.000,-222924
0.4585840702056885,1283670725,3.191,-9.098,1.492,0.000,0.000,0.000,-221912
0.45893025398254395,1283678158,3.191,-9.098,1.492,0.000,0.000,0.000,-222094
0.4592723846435547,1283681378,3.191,-9.098,1.492,0.000,0.000,0.000,-222424
0.4595053195953369,1283687810,3.152,-9.059,1.492,0.000,0.000,0.000,-222390
0.4625582695007324,1283690031,3.152,-9.059,1.492,0.000,0.000,0.000,-221520
0.4648451805114746,1283697464,3.191,-9.098,1.492,0.000,0.000,0.000,-222606
0.4723672866821289,1283700685,3.191,-9.098,1.492,0.000,0.000,0.000,-222172
0.4920482635498047,1283709118,3.191,-9.098,1.492,0.000,0.000,0.000,-222879
0.4923591613769531,1283711338,3.191,-9.055,1.492,0.000,0.000,0.000,-222257
0.49254727363586426,1283715559,3.191,-9.055,1.492,0.000,0.000,0.000,-222239
0.4928112030029297,1283721993,3.191,-9.098,1.527,0.000,0.000,0.000,-223005
0.4967622756958008,1283726214,3.191,-9.098,1.527,0.000,0.000,0.000,-222455
0.5011520385742188,1283730434,3.191,-9.098,1.527,0.000,0.000,0.000,-222340
0.5295062065124512,1283736866,3.191,-9.098,1.527,0.000,0.000,0.000,-222686
0.529792070388794,1283740086,3.191,-9.098,1.527,0.000,0.000,0.000,-223257
0.530062198638916,1283746518,3.152,-9.094,1.492,0.000,0.000,0.000,-223144
0.5302762985229492,1283751738,3.152,-9.094,1.492,0.000,0.000,0.000,-222068
0.5304923057556152,1283758170,3.191,-9.098,1.492,0.000,0.000,0.000,-222515
0.5328681468963623,1283761391,3.191,-9.098,1.492,0.000,0.000,0.000,-223115
0.5361111164093018,1283765611,3.191,-9.098,1.492,0.000,0.000,0.000,-222653
0.5563583374023438,1283773043,3.191,-9.098,1.492,0.000,0.000,0.000,-222284
0.556638240814209,1283776263,3.191,-9.098,1.492,0.000,0.000,0.000,-223050
0.5568530559539795,1283782697,3.227,-9.094,1.492,0.000,0.000,0.000,-222928
0.5573291778564453,1283789129,3.152,-9.094,1.453,0.000,0.000,0.000,-222444
0.5638573169708252,1283792349,3.152,-9.094,1.453,0.000,0.000,0.000,-222645
0.5670483112335205,1283795570,3.152,-9.094,1.453,0.000,0.000,0.000,-223270
0.5909183025360107,1283801002,3.191,-9.098,1.492,0.000,0.000,0.000,-223714
0.5912251472473145,1283808435,3.227,-9.094,1.527,0.000,0.000,0.000,-222631
0.5914270877838135,1283811655,3.227,-9.094,1.527,0.000,0.000,0.000,-222564
0.5916171073913574,1283818087,3.191,-9.098,1.527,0.000,0.000,0.000,-222822
0.5928094387054443,1283820307,3.191,-9.098,1.527,0.000,0.000,0.000,-222420
0.5949990749359131,1283828740,3.152,-9.094,1.492,0.000,0.000,0.000,-223157
0.6034550666809082,1283831960,3.152,-9.094,1.492,0.000,0.000,0.000,-222059
0.6196222305297852,1283835180,3.152,-9.094,1.492,0.000,0.000,0.000,-222281
0.6198053359985352,1283840612,3.191,-9.098,1.453,0.000,0.000,0.000,-222569
0.6199631690979004,1283849044,3.152,-9.094,1.492,0.000,0.000,0.000,-222167
0.6235949993133545,1283851264,3.152,-9.094,1.492,0.000,0.000,0.000,-222177
0.625859260559082,1283855484,3.152,-9.094,1.492,0.000,0.000,0.000,-223432
0.6301712989807129,1283861916,3.191,-9.098,1.492,0.000,0.000,0.000,-223140
0.6365439891815186,1283866137,3.191,-9.098,1.492,0.000,0.000,0.000,-222211
0.685084342956543,1283870357,3.191,-9.098,1.492,0.000,0.000,0.000,-222862
0.7236883640289307,1283875790,3.152,-9.094,1.527,0.000,0.000,0.000,-221725
0.7532851696014404,1283880010,3.152,-9.094,1.527,0.000,0.000,0.000,-222642
0.7912681102752686,1283886442,3.191,-9.098,1.492,0.000,0.000,0.000,-222408
0.8232192993164062,1283891874,3.191,-9.098,1.453,0.000,0.000,0.000,-222641
0.8573272228240967,1283895094,3.191,-9.098,1.453,0.000,0.000,0.000,-222507
0.8910462856292725,1283901526,3.191,-9.098,1.453,0.000,0.000,0.000,-222292
0.9269111156463623,1283905746,3.191,-9.098,1.453,0.000,0.000,0.000,-222402
0.954071044921875,1283914179,3.227,-9.094,1.492,0.000,0.000,0.000,-223670
0.9904601573944092,1283916400,3.227,-9.094,1.492,0.000,0.000,0.000,-222974
1.024449110031128,1283922832,3.191,-9.098,1.527,0.000,0.000,0.000,-222550
1.0555822849273682,1283925053,3.191,-9.098,1.527,0.000,0.000,0.000,-223463
1.0873472690582275,1283931486,3.191,-9.137,1.492,0.000,0.000,0.000,-222659
1.1309173107147217,1283935709,3.191,-9.137,1.492,0.000,0.000,0.000,-223350
1.1557743549346924,1283942141,3.191,-9.055,1.492,0.000,0.000,0.000,-222543
1.1765971183776855,1283946361,3.191,-9.055,1.492,0.000,0.000,0.000,-223098
1.2045633792877197,1283950582,3.191,-9.098,1.492,0.000,0.000,0.000,-222526
1.2380211353302002,1283957014,3.191,-9.098,1.492,0.000,0.000,0.000,-223071
1.2715682983398438,1283960235,3.191,-9.098,1.492,0.000,0.000,0.000,-222278
1.3121421337127686,1283966668,3.191,-9.137,1.492,0.000,0.000,0.000,-222832
1.3412590026855469,1283974100,3.191,-9.137,1.527,0.000,0.000,0.000,-222634
1.389604091644287,1283976320,3.191,-9.137,1.527,0.000,0.000,0.000,-223021
1.4210700988769531,1283980540,3.191,-9.137,1.527,0.000,0.000,0.000,-221954
1.4551990032196045,1283986974,3.191,-9.098,1.492,0.000,0.000,0.000,-223616
1.4902143478393555,1283990195,3.191,-9.098,1.492,0.000,0.000,0.000,-221971
1.5295779705047607,1283995628,3.152,-9.094,1.453,0.000,0.000,0.000,-223129
1.5586340427398682,1284000849,3.152,-9.094,1.453,0.000,0.000,0.000,-222899
1.5943350791931152,1284007282,3.152,-9.094,1.453,0.000,0.000,0.000,-222780
1.6302063465118408,1284011502,3.152,-9.094,1.453,0.000,0.000,0.000,-223296
1.6626391410827637,1284017934,3.152,-9.094,1.492,0.000,0.000,0.000,-223509
1.6947200298309326,1284021154,3.152,-9.094,1.492,0.000,0.000,0.000,-223123
1.7323532104492188,1284027588,3.191,-9.137,1.492,0.000,0.000,0.000,-222778
1.7595772743225098,1284030808,3.191,-9.137,1.492,0.000,0.000,0.000,-222636
1.7936182022094727,1284036242,3.191,-9.098,1.492,0.000,0.000,0.000,-223080
1.82753324508667,1284041676,3.191,-9.098,1.453,0.000,0.000,0.000,-222870
1.8615872859954834,1284049108,3.191,-9.098,1.453,0.000,0.000,0.000,-222454
1.8948783874511719,1284052328,3.191,-9.098,1.453,0.000,0.000,0.000,-222192
1.9329571723937988,1284055548,3.191,-9.098,1.453,0.000,0.000,0.000,-223330
1.9595723152160645,1284060980,3.191,-9.098,1.527,0.000,0.000,0.000,-222302
1.9945480823516846,1284068397,3.191,-9.098,1.527,0.000,0.000,0.000,-222950
2.0306763648986816,1284071617,3.191,-9.098,1.527,0.000,0.000,0.000,-223038
2.0604543685913086,1284077051,3.152,-9.094,1.492,0.000,0.000,0.000,-222387
2.0924720764160156,1284080271,3.152,-9.094,1.492,0.000,0.000,0.000,-222357
2.1307332515716553,1284088703,3.113,-9.133,1.414,0.000,0.000,0.000,-223204
2.1601133346557617,1284090924,3.113,-9.133,1.414,0.000,0.000,0.000,-223239
2.194944143295288,1284096357,3.191,-9.098,1.492,0.000,0.000,0.000,-223001
2.2295820713043213,1284100577,3.191,-9.098,1.492,0.000,0.000,0.000,-223311
2.2629141807556152,1284107011,3.191,-9.098,1.492,0.000,0.000,0.000,-222440
2.296114206314087,1284110231,3.191,-9.098,1.492,0.000,0.000,0.000,-223215
2.329446315765381,1284116664,3.191,-9.098,1.527,0.000,0.000,0.000,-222215
2.356901168823242,1284120884,3.191,-9.098,1.527,0.000,0.000,0.000,-222546
2.393033266067505,1284125104,3.152,-9.094,1.453,0.000,0.000,0.000,-223190
2.428546190261841,1284131536,3.152,-9.094,1.453,0.000,0.000,0.000,-222466
2.4611263275146484,1284137969,3.191,-9.137,1.492,0.000,0.000,0.000,-222653
2.4952120780944824,1284141189,3.191,-9.137,1.492,0.000,0.000,0.000,-222913
2.532057285308838,1284147623,3.191,-9.098,1.453,0.000,0.000,0.000,-222423
2.558373212814331,1284150843,3.191,-9.098,1.453,0.000,0.000,0.000,-222411
2.5930962562561035,1284155063,3.152,-9.094,1.527,0.000,0.000,0.000,-222688
2.6281380653381348,1284161496,3.152,-9.094,1.527,0.000,0.000,0.000,-222791
2.6617672443389893,1284165716,3.152,-9.094,1.527,0.000,0.000,0.000,-222413
2.694291353225708,1284173148,3.191,-9.098,1.492,0.000,0.000,0.000,-222318
2.7326011657714844,1284176369,3.191,-9.098,1.492,0.000,0.000,0.000,-222539
2.7584571838378906,1284183801,3.191,-9.098,1.527,0.000,0.000,0.000,-223017
2.7939510345458984,1284187021,3.191,-9.098,1.527,0.000,0.000,0.000,-222961
2.827960252761841,1284190242,3.191,-9.098,1.527,0.000,0.000,0.000,-222555
2.861239194869995,1284196675,3.152,-9.094,1.492,0.000,0.000,0.000,-222807
2.89561128616333,1284200896,3.152,-9.094,1.492,0.000,0.000,0.000,-222677
2.933195114135742,1284205116,3.152,-9.094,1.492,0.000,0.000,0.000,-222789
2.959745168685913,1284210549,3.152,-9.094,1.492,0.000,0.000,0.000,-222472
2.993856191635132,1284216982,3.191,-9.098,1.527,0.000,0.000,0.000,-221868
3.0293214321136475,1284220202,3.191,-9.098,1.527,0.000,0.000,0.000,-223512
3.0607001781463623,1284227634,3.191,-9.098,1.527,0.000,0.000,0.000,-223241
3.0964252948760986,1284231855,3.191,-9.098,1.527,0.000,0.000,0.000,-222751
3.129331350326538,1284235076,3.191,-9.098,1.492,0.000,0.000,0.000,-223043
3.1571011543273926,1284241509,3.191,-9.098,1.492,0.000,0.000,0.000,-222668
3.1927030086517334,1284248941,3.227,-9.094,1.453,0.000,0.000,0.000,-222525
3.228398084640503,1284252162,3.227,-9.094,1.453,0.000,0.000,0.000,-222321
3.263127088546753,1284255382,3.227,-9.094,1.453,0.000,0.000,0.000,-223381
3.2956202030181885,1284261814,3.152,-9.094,1.527,0.000,0.000,0.000,-222380
3.3302390575408936,1284266034,3.152,-9.094,1.527,0.000,0.000,0.000,-223296
3.357070207595825,1284270254,3.191,-9.098,1.492,0.000,0.000,0.000,-222648
3.3916940689086914,1284276686,3.191,-9.098,1.492,0.000,0.000,0.000,-222564
3.4279160499572754,1284284119,3.152,-9.094,1.453,0.000,0.000,0.000,-222001
3.4634881019592285,1284286339,3.152,-9.094,1.453,0.000,0.000,0.000,-222645
3.4965271949768066,1284291771,3.191,-9.098,1.414,0.000,0.000,0.000,-222510
3.5341732501983643,1284297206,3.227,-9.094,1.453,0.000,0.000,0.000,-222610
3.557805061340332,1284300426,3.227,-9.094,1.453,0.000,0.000,0.000,-222885
3.594839096069336,1284308859,3.191,-9.098,1.527,0.000,0.000,0.000,-222571
3.62911319732666,1284312080,3.191,-9.098,1.527,0.000,0.000,0.000,-223053
3.6623432636260986,1284315300,3.191,-9.098,1.527,0.000,0.000,0.000,-222292
3.695819139480591,1284321732,3.191,-9.098,1.492,0.000,0.000,0.000,-222488
3.7334673404693604,1284329164,3.152,-9.133,1.492,0.000,0.000,0.000,-222191
3.759982109069824,1284331385,3.152,-9.133,1.492,0.000,0.000,0.000,-222159
3.79439115524292,1284336818,3.191,-9.098,1.453,0.000,0.000,0.000,-222837
3.828409194946289,1284341038,3.191,-9.098,1.453,0.000,0.000,0.000,-222540
3.8614931106567383,1284348472,3.191,-9.098,1.492,0.000,0.000,0.000,-222436
3.8954272270202637,1284351692,3.191,-9.098,1.492,0.000,0.000,0.000,-222293
3.9340662956237793,1284358124,3.191,-9.098,1.492,0.000,0.000,0.000,-222862
3.9595913887023926,1284361344,3.191,-9.098,1.492,0.000,0.000,0.000,-222554
3.997126340866089,1284367778,3.227,-9.059,1.527,0.000,0.000,0.000,-222663
4.030870199203491,1284370999,3.227,-9.059,1.527,0.000,0.000,0.000,-223718
4.061476230621338,1284375220,3.191,-9.098,1.492,0.000,0.000,0.000,-222757
4.097952127456665,1284381653,3.191,-9.098,1.492,0.000,0.000,0.000,-222247
4.128747224807739,1284385874,3.191,-9.098,1.492,0.000,0.000,0.000,-222639
4.157585144042969,1284390095,3.191,-9.098,1.492,0.000,0.000,0.000,-223093
4.195612192153931,1284396527,3.191,-9.098,1.492,0.000,0.000,0.000,-222353
4.229140281677246,1284403960,3.191,-9.137,1.492,0.000,0.000,0.000,-222323
4.262190103530884,1284407180,3.191,-9.137,1.492,0.000,0.000,0.000,-222621
4.296400308609009,1284410402,3.191,-9.137,1.492,0.000,0.000,0.000,-222053
4.330449342727661,1284416835,3.191,-9.098,1.527,0.000,0.000,0.000,-222697
4.3596673011779785,1284421056,3.191,-9.098,1.527,0.000,0.000,0.000,-222607
4.394094228744507,1284425276,3.191,-9.098,1.527,0.000,0.000,0.000,-222262
4.430554151535034,1284430710,3.152,-9.094,1.527,0.000,0.000,0.000,-222950
4.463021278381348,1284438145,3.191,-9.055,1.453,0.000,0.000,0.000,-222804
4.4970543384552,1284441365,3.191,-9.055,1.453,0.000,0.000,0.000,-222853
4.53328013420105,1284447797,3.191,-9.098,1.453,0.000,0.000,0.000,-221358
4.560906171798706,1284451017,3.191,-9.098,1.453,0.000,0.000,0.000,-223138
4.595924377441406,1284456450,3.152,-9.059,1.527,0.000,0.000,0.000,-222767
4.630205392837524,1284460670,3.152,-9.059,1.527,0.000,0.000,0.000,-222945
4.662346124649048,1284467103,3.152,-9.094,1.492,0.000,0.000,0.000,-223222
4.693437337875366,1284471324,3.152,-9.094,1.492,0.000,0.000,0.000,-223027
4.732544183731079,1284476757,3.191,-9.098,1.492,0.000,0.000,0.000,-222649
4.758267164230347,1284480977,3.191,-9.098,1.492,0.000,0.000,0.000,-222692
4.792760133743286,1284486410,3.152,-9.094,1.453,0.000,0.000,0.000,-223256
4.82783842086792,1284490631,3.152,-9.094,1.453,0.000,0.000,0.000,-222418
4.859882116317749,1284496063,3.191,-9.098,1.492,0.000,0.000,0.000,-222846
4.895890235900879,1284501495,3.191,-9.098,1.527,0.000,0.000,0.000,-222017
4.929570198059082,1284505715,3.191,-9.098,1.527,0.000,0.000,0.000,-222970
4.957633018493652,1284513147,3.191,-9.098,1.492,0.000,0.000,0.000,-222521
4.993908166885376,1284516368,3.191,-9.098,1.492,0.000,0.000,0.000,-222694
5.029628276824951,1284521800,3.191,-9.098,1.492,0.000,0.000,0.000,-222560
5.059866189956665,1284525021,3.191,-9.098,1.492,0.000,0.000,0.000,-222140
5.094266176223755,1284532453,3.191,-9.098,1.527,0.000,0.000,0.000,-222392
5.134673357009888,1284535674,3.191,-9.098,1.527,0.000,0.000,0.000,-223329
5.15790319442749,1284541107,3.191,-9.137,1.492,0.000,0.000,0.000,-222259
5.192152261734009,1284548541,3.191,-9.098,1.492,0.000,0.000,0.000,-222736
5.228309154510498,1284551761,3.191,-9.098,1.492,0.000,0.000,0.000,-223237
5.263135194778442,1284557193,3.152,-9.094,1.492,0.000,0.000,0.000,-222802
5.296354055404663,1284560413,3.152,-9.094,1.492,0.000,0.000,0.000,-223080
5.32994818687439,1284566846,3.191,-9.137,1.492,0.000,0.000,0.000,-223112
5.357109069824219,1284570066,3.191,-9.137,1.492,0.000,0.000,0.000,-223402
5.389933109283447,1284576499,3.227,-9.094,1.527,0.000,0.000,0.000,-223285
5.429511308670044,1284580720,3.227,-9.094,1.527,0.000,0.000,0.000,-223118
5.46270227432251,1284587152,3.191,-9.098,1.453,0.000,0.000,0.000,-222912
5.493982315063477,1284590373,3.191,-9.098,1.453,0.000,0.000,0.000,-222792
5.533656120300293,1284595807,3.152,-9.094,1.453,0.000,0.000,0.000,-222882
5.558348178863525,1284600027,3.152,-9.133,1.527,0.000,0.000,0.000,-222887
5.595808029174805,1284607460,3.152,-9.133,1.527,0.000,0.000,0.000,-223061
5.631008148193359,1284610681,3.152,-9.133,1.527,0.000,0.000,0.000,-223404
5.66277813911438,1284617113,3.191,-9.137,1.492,0.000,0.000,0.000,-222706
5.6935951709747314,1284621333,3.191,-9.137,1.492,0.000,0.000,0.000,-222832
5.734250068664551,1284625553,3.191,-9.137,1.492,0.000,0.000,0.000,-222785
5.75759220123291,1284631985,3.152,-9.094,1.492,0.000,0.000,0.000,-223074
5.794135093688965,1284636205,3.152,-9.094,1.492,0.000,0.000,0.000,-222379
5.828364133834839,1284642637,3.152,-9.094,1.492,0.000,0.000,0.000,-222066
5.8618152141571045,1284646858,3.152,-9.094,1.492,0.000,0.000,0.000,-222118
5.8941261768341064,1284651078,3.191,-9.098,1.492,0.000,0.000,0.000,-223019
5.932903289794922,1284657511,3.191,-9.098,1.492,0.000,0.000,0.000,-222796
5.958583116531372,1284660732,3.191,-9.098,1.492,0.000,0.000,0.000,-222060
5.994726181030273,1284667165,3.191,-9.137,1.453,0.000,0.000,0.000,-222270
6.028785228729248,1284671386,3.191,-9.137,1.453,0.000,0.000,0.000,-222817
6.0600361824035645,1284676819,3.191,-9.098,1.492,0.000,0.000,0.000,-222748
6.096044063568115,1284681039,3.191,-9.098,1.492,0.000,0.000,0.000,-222615
6.133476257324219,1284687473,3.152,-9.094,1.492,0.000,0.000,0.000,-222539
6.157772064208984,1284691693,3.152,-9.094,1.492,0.000,0.000,0.000,-223352
6.19352912902832,1284697126,3.191,-9.098,1.527,0.000,0.000,0.000,-222656
6.228415012359619,1284700346,3.191,-9.098,1.527,0.000,0.000,0.000,-222529
6.264384031295776,1284705763,3.152,-9.094,1.527,0.000,0.000,0.000,-221967
6.29717230796814,1284713197,3.191,-9.055,1.492,0.000,0.000,0.000,-223054
6.3289711475372314,1284716418,3.191,-9.055,1.492,0.000,0.000,0.000,-221544
6.346114158630371,1284721850,3.191,-9.055,1.492,0.000,0.000,0.000,-222637
6.386613130569458,1284725071,3.191,-9.055,1.492,0.000,0.000,0.000,-222229
6.420872211456299,1284732505,3.191,-9.098,1.492,0.000,0.000,0.000,-222385
6.456414222717285,1284735725,3.191,-9.098,1.492,0.000,0.000,0.000,-222756
6.491610288619995,1284742158,3.191,-9.098,1.492,0.000,0.000,0.000,-223045
6.532138109207153,1284745378,3.191,-9.098,1.492,0.000,0.000,0.000,-222736
6.559585094451904,1284752811,3.191,-9.098,1.453,0.000,0.000,0.000,-222837
6.5956761837005615,1284756031,3.191,-9.098,1.453,0.000,0.000,0.000,-222784
6.6299121379852295,1284760252,3.191,-9.098,1.453,0.000,0.000,0.000,-222775
6.662348031997681,1284765685,3.191,-9.098,1.492,0.000,0.000,0.000,-222759
6.695223093032837,1284772118,3.191,-9.098,1.492,0.000,0.000,0.000,-222427
6.735062122344971,1284775338,3.191,-9.098,1.492,0.000,0.000,0.000,-222619
6.758349180221558,1284780770,3.191,-9.098,1.453,0.000,0.000,0.000,-221881
6.793987274169922,1284789203,3.191,-9.098,1.492,0.000,0.000,0.000,-223044
6.827966213226318,1284791423,3.191,-9.098,1.492,0.000,0.000,0.000,-222501
6.862296104431152,1284796857,3.152,-9.133,1.527,0.000,0.000,0.000,-222840
6.895950078964233,1284801078,3.152,-9.133,1.527,0.000,0.000,0.000,-222827
6.933750152587891,1284807511,3.191,-9.098,1.492,0.000,0.000,0.000,-222290
6.960346221923828,1284810731,3.191,-9.098,1.492,0.000,0.000,0.000,-222831
6.995587110519409,1284817164,3.191,-9.055,1.492,0.000,0.000,0.000,-223002
7.030436277389526,1284820385,3.191,-9.055,1.492,0.000,0.000,0.000,-222062
7.062259197235107,1284826818,3.191,-9.055,1.492,0.000,0.000,0.000,-222389
7.095191240310669,1284830038,3.191,-9.055,1.492,0.000,0.000,0.000,-222506
7.132960081100464,1284835470,3.191,-9.055,1.414,0.000,0.000,0.000,-222536
7.159930229187012,1284842902,3.152,-9.059,1.492,0.000,0.000,0.000,-223242
7.191847324371338,1284847123,3.152,-9.059,1.492,0.000,0.000,0.000,-222606
7.2256152629852295,1284850343,3.152,-9.059,1.492,0.000,0.000,0.000,-222818
7.261939287185669,1284856776,3.191,-9.098,1.527,0.000,0.000,0.000,-223000
7.296585321426392,1284864209,3.191,-9.098,1.492,0.000,0.000,0.000,-222853
7.332116365432739,1284867430,3.191,-9.098,1.492,0.000,0.000,0.000,-222759
7.358404159545898,1284870650,3.191,-9.098,1.492,0.000,0.000,0.000,-222466
7.395146131515503,1284877068,3.152,-9.094,1.453,0.000,0.000,0.000,-221941
7.427013158798218,1284881288,3.152,-9.094,1.453,0.000,0.000,0.000,-222014
7.461319208145142,1284885509,3.152,-9.094,1.453,0.000,0.000,0.000,-223081
7.495087146759033,1284891942,3.152,-9.094,1.453,0.000,0.000,0.000,-222987
7.5322370529174805,1284895162,3.191,-9.098,1.527,0.000,0.000,0.000,-222976
7.558730125427246,1284901596,3.191,-9.098,1.527,0.000,0.000,0.000,-222576
7.595252990722656,1284908029,3.152,-9.094,1.492,0.000,0.000,0.000,-222912
7.630374193191528,1284912249,3.152,-9.094,1.492,0.000,0.000,0.000,-222129
7.662262201309204,1284915469,3.191,-9.098,1.492,0.000,0.000,0.000,-222677
7.696606397628784,1284921902,3.191,-9.098,1.492,0.000,0.000,0.000,-222548
7.73371434211731,1284925123,3.191,-9.098,1.492,0.000,0.000,0.000,-223316
7.760333061218262,1284931557,3.152,-9.094,1.453,0.000,0.000,0.000,-222439
7.794166088104248,1284935778,3.152,-9.094,1.453,0.000,0.000,0.000,-222507
7.82843017578125,1284942212,3.152,-9.094,1.453,0.000,0.000,0.000,-222906
7.863067150115967,1284945432,3.152,-9.094,1.453,0.000,0.000,0.000,-222755
7.895719289779663,1284952864,3.191,-9.098,1.492,0.000,0.000,0.000,-222400
7.933581113815308,1284956088,3.191,-9.098,1.492,0.000,0.000,0.000,-223241
7.959636211395264,1284961520,3.152,-9.094,1.492,0.000,0.000,0.000,-222384
7.996599197387695,1284965740,3.152,-9.094,1.492,0.000,0.000,0.000,-222839
8.029710292816162,1284972172,3.191,-9.098,1.414,0.000,0.000,0.000,-223384
8.061430215835571,1284975393,3.191,-9.098,1.414,0.000,0.000,0.000,-222617
8.097832202911377,1284980825,3.152,-9.094,1.453,0.000,0.000,0.000,-222862
8.134941339492798,1284985046,3.152,-9.094,1.453,0.000,0.000,0.000,-223343
8.159520149230957,1284992478,3.191,-9.098,1.453,0.000,0.000,0.000,-222950
8.192323207855225,1284995699,3.191,-9.098,1.453,0.000,0.000,0.000,-222459
8.227912187576294,1285001131,3.191,-9.098,1.492,0.000,0.000,0.000,-222665
8.26355528831482,1285005351,3.191,-9.098,1.492,0.000,0.000,0.000,-223431
8.297439098358154,1285013785,3.152,-9.059,1.492,0.000,0.000,0.000,-222935
8.330397367477417,1285017005,3.152,-9.059,1.492,0.000,0.000,0.000,-222251
8.360016345977783,1285020225,3.152,-9.094,1.492,0.000,0.000,0.000,-222551
8.394825220108032,1285027658,3.152,-9.094,1.492,0.000,0.000,0.000,-222268
8.429983139038086,1285030878,3.152,-9.094,1.492,0.000,0.000,0.000,-222409
8.462684154510498,1285035098,3.152,-9.094,1.492,0.000,0.000,0.000,-222179
8.496269226074219,1285041530,3.152,-9.094,1.492,0.000,0.000,0.000,-222502
8.534574270248413,1285045750,3.152,-9.094,1.492,0.000,0.000,0.000,-222132
8.558898210525513,1285052183,3.152,-9.094,1.492,0.000,0.000,0.000,-222070
8.596512079238892,1285055404,3.152,-9.094,1.492,0.000,0.000,0.000,-222279
8.62958312034607,1285061838,3.227,-9.133,1.527,0.000,0.000,0.000,-222108
8.663079261779785,1285065058,3.227,-9.133,1.527,0.000,0.000,0.000,-222155
8.69584321975708,1285071490,3.191,-9.098,1.492,0.000,0.000,0.000,-223453
8.735843181610107,1285075711,3.191,-9.098,1.492,0.000,0.000,0.000,-223577
8.758827209472656,1285082144,3.191,-9.098,1.492,0.000,0.000,0.000,-222522
8.79437518119812,1285086364,3.191,-9.098,1.492,0.000,0.000,0.000,-223585
8.82771110534668,1285090584,3.191,-9.098,1.492,0.000,0.000,0.000,-222114
8.862329244613647,1285097017,3.191,-9.098,1.492,0.000,0.000,0.000,-222368
8.89612627029419,1285100237,3.191,-9.098,1.527,0.000,0.000,0.000,-222217
8.934706211090088,1285107669,3.191,-9.098,1.527,0.000,0.000,0.000,-223494
8.959514141082764,1285110890,3.191,-9.098,1.527,0.000,0.000,0.000,-223176
8.995392084121704,1285115110,3.152,-9.094,1.527,0.000,0.000,0.000,-222423
9.028847217559814,1285121543,3.152,-9.094,1.527,0.000,0.000,0.000,-223062
9.06250810623169,1285125764,3.152,-9.094,1.527,0.000,0.000,0.000,-222266
9.096545219421387,1285131196,3.191,-9.098,1.492,0.000,0.000,0.000,-223084
9.133259057998657,1285135417,3.191,-9.137,1.492,0.000,0.000,0.000,-222867
9.160593271255493,1285141850,3.191,-9.137,1.492,0.000,0.000,0.000,-222466
9.195800065994263,1285145071,3.191,-9.137,1.492,0.000,0.000,0.000,-222273
9.225812435150146,1285151504,3.191,-9.098,1.492,0.000,0.000,0.000,-222750
9.261711120605469,1285156936,3.191,-9.098,1.492,0.000,0.000,0.000,-222617
9.295900344848633,1285160157,3.191,-9.098,1.492,0.000,0.000,0.000,-223159
9.33111023902893,1285165591,3.191,-9.137,1.492,0.000,0.000,0.000,-222157
9.358484983444214,1285173023,3.191,-9.098,1.453,0.000,0.000,0.000,-223084
9.39515233039856,1285176243,3.191,-9.098,1.453,0.000,0.000,0.000,-222551
9.430499076843262,1285180463,3.191,-9.098,1.453,0.000,0.000,0.000,-222707
9.463844299316406,1285185897,3.191,-9.098,1.453,0.000,0.000,0.000,-223172
9.498096227645874,1285190117,3.191,-9.098,1.492,0.000,0.000,0.000,-222935
9.53621244430542,1285196549,3.191,-9.098,1.492,0.000,0.000,0.000,-221579
9.560869216918945,1285201982,3.227,-9.094,1.527,0.000,0.000,0.000,-223643
9.596987247467041,1285206202,3.227,-9.094,1.527,0.000,0.000,0.000,-222786
9.630137205123901,1285210423,3.152,-9.094,1.453,0.000,0.000,0.000,-222247
9.664062976837158,1285216856,3.152,-9.094,1.453,0.000,0.000,0.000,-222034
9.69558310508728,1285220076,3.152,-9.094,1.453,0.000,0.000,0.000,-222666
9.7347412109375,1285227508,3.152,-9.094,1.453,0.000,0.000,0.000,-222411
9.760155200958252,1285231728,3.152,-9.094,1.453,0.000,0.000,0.000,-222189
9.79524827003479,1285237160,3.191,-9.098,1.492,0.000,0.000,0.000,-222530
9.826871156692505,1285241380,3.191,-9.098,1.492,0.000,0.000,0.000,-222718
9.86171817779541,1285247813,3.191,-9.055,1.492,0.000,0.000,0.000,-222875
9.896640062332153,1285251033,3.191,-9.055,1.492,0.000,0.000,0.000,-222620
9.934833288192749,1285255253,3.191,-9.055,1.492,0.000,0.000,0.000,-222406
9.960418224334717,1285262686,3.191,-9.098,1.453,0.000,0.000,0.000,-221720
9.995978116989136,1285266906,3.191,-9.098,1.453,0.000,0.000,0.000,-223457
