frame_idx,pc_time_s
0,0.000117709
1,0.033448959
2,0.066782167
3,0.100115459
4,0.133448834
5,0.166805084
6,0.200115459
7,0.233448917
8,0.266782167
9,0.300115417
10,0.333448792
11,0.366782167
12,0.400115417
13,0.433448792
14,0.466782209
15,0.500115459
16,0.533448834
17,0.566782084
18,0.6001155
19,0.633448875
20,0.666782209
21,0.7001155
22,0.733448875
23,0.766782084
24,0.8001155
25,0.833448875
26,0.866782209
27,0.9001155
28,0.933448792
29,0.966782167
30,1.00014025
31,1.033448834
32,1.066782084
33,1.100115459
34,1.133448792
35,1.166782167
36,1.200115459
37,1.233448792
38,1.266782084
39,1.300115417
40,1.333448959
41,1.366782209
42,1.400115542
43,1.43344875
44,1.466782209
45,1.5001155
46,1.533448917
47,1.566782292
48,1.600115584
49,1.633448959
50,1.666782125
51,1.7001155
52,1.733449
53,1.766782459
54,1.8001155
55,1.833449
56,1.86678225
57,1.900115625
58,1.933448875
59,1.966782084
60,2.000146792
61,2.033449042
62,2.066782209
63,2.100115625
64,2.133448875
65,2.16678225
66,2.200115584
67,2.233448834
68,2.266782209
69,2.300115417
70,2.333448792
71,2.366782292
72,2.400115417
73,2.433448792
74,2.466782125
75,2.500115542
76,2.533448792
77,2.566782167
78,2.600115584
79,2.633448959
80,2.66678225
81,2.701717417
82,2.735263959
83,2.768302834
84,2.803959417
85,2.837225042
86,2.871399834
87,2.905111959
88,2.938424417
89,2.970260375
90,3.007825417
91,3.036661709
92,3.069246584
93,3.105837209
94,3.138885417
95,3.1728965
96,3.207499084
97,3.241695667
98,3.271894167
99,3.305879792
100,3.341225959
101,3.372803667
102,3.407974709
103,3.441398292
104,3.473600625
105,3.507025
106,3.5385675
107,3.574912584
108,3.607352667
109,3.641148125
110,3.671160334
111,3.702711375
112,3.737998125
113,3.769799375
114,3.80415475
115,3.838118292
116,3.869613
117,3.905526667
118,3.937331959
119,3.971552792
120,4.009385834
121,4.0415145
122,4.069189209
123,4.103419292
124,4.139586334
125,4.173346875
126,4.207869542
127,4.240678292
128,4.270321292
129,4.305824875
130,4.339867375
131,4.372662542
132,4.406667834
133,4.441349875
134,4.471376875
135,4.507024375
136,4.539486625
137,4.571368459
138,4.608118042
139,4.641274959
140,4.6729825
141,4.70667175
142,4.739399209
143,4.772218334
144,4.807634625
145,4.841782417
146,4.871798042
147,4.907332959
148,4.940860042
149,4.973666792
150,5.007328375
151,5.040366834
152,5.072655
153,5.102802459
154,5.136931167
155,5.172774375
156,5.20508325
157,5.240311792
158,5.269928625
159,5.304138417
160,5.337443292
161,5.373302292
162,5.407502042
163,5.439165292
164,5.472518834
165,5.503652584
166,5.537827834
167,5.571258834
168,5.607784792
169,5.641011042
170,5.671552292
171,5.70548325
172,5.73967525
173,5.773785917
174,5.806642667
175,5.839440292
176,5.873622042
177,5.907376084
178,5.941851
179,5.973928334
180,6.008641042
181,6.042433584
182,6.073382917
183,6.102986625
184,6.138546917
185,6.174282792
186,6.20781175
187,6.239602709
188,6.271712084
189,6.306841292
190,6.340680292
191,6.374331959
192,6.409630209
193,6.441562584
194,6.47219625
195,6.5069055
196,6.54161
197,6.573883917
198,6.608770542
199,6.641647417
200,6.673798709
201,6.707734667
202,6.741107417
203,6.773496959
204,6.808724542
205,6.842736125
206,6.870746209
207,6.902065667
208,6.933448959
209,6.96678225
210,7.000115542
211,7.033448959
212,7.066782167
213,7.100115584
214,7.133448834
215,7.166782334
216,7.200115459
217,7.233448959
218,7.26678225
219,7.300115584
220,7.333448959
221,7.366782334
222,7.400115459
223,7.433449
224,7.466782209
225,7.50011575
226,7.533454917
227,7.566782459
228,7.6001155
229,7.635379417
230,7.6738165
231,7.706964125
232,7.74181275
233,7.774206917
234,7.807795375
235,7.840773917
236,7.873478084
237,7.907782
238,7.940468542
239,7.974079084
240,8.008003042
241,8.041877834
242,8.0732665
243,8.108165959
244,8.136454459
245,8.170252625
246,8.208125292
247,8.241774875
248,8.271616167
249,8.30628025
250,8.338597667
251,8.373355542
252,8.407453875
253,8.4390605
254,8.47345075
255,8.505617625
256,8.539671292
257,8.573394584
258,8.608964
259,8.640359834
260,8.67386625
261,8.70835075
262,8.741734417
263,8.772703542
264,8.80828225
265,8.842633417
266,8.873903042
267,8.907720042
268,8.940860709
269,8.974740417
270,9.008982042
271,9.039703834
272,9.073112417
273,9.107348042
274,9.141025584
275,9.170340542
276,9.205342584
277,9.239593834
278,9.270718584
279,9.304255834
280,9.338974042
281,9.372746167
282,9.408579542
283,9.44223725
284,9.473519709
285,9.507312667
286,9.540242834
287,9.572560667
288,9.609337834
289,9.642182834
290,9.673839875
291,9.707353667
292,9.741541
293,9.771014917
294,9.8078085
295,9.842005417
296,9.874015709
297,9.907782542
298,9.940856917
299,9.974704459
300,10.00991325
301,10.041283959
302,10.072164625
303,10.107076209
304,10.140812542
305,10.174478625
306,10.205411542
307,10.239714625
308,10.27221375
309,10.307112167
310,10.341209042
311,10.374245459
312,10.409218542
313,10.441905292
314,10.473130875
315,10.508752459
316,10.540079542
317,10.574288209
318,10.609378834
319,10.640140917
320,10.673534542
321,10.707372792
322,10.74186575
323,10.773996667
324,10.808802084
325,10.842679209
326,10.873800625
327,10.908295
328,10.941172125
329,10.974677084
330,11.009472959
331,11.041487167
332,11.07395625
333,11.1086735
334,11.140930125
335,11.174359375
336,11.208225542
337,11.241795709
338,11.270931417
339,11.30685275
340,11.340352667
341,11.374114375
342,11.410060125
343,11.441671542
344,11.473271584
345,11.507760292
346,11.541056792
347,11.574601959
348,11.608837667
349,11.642418834
350,11.673919959
351,11.707991584
352,11.741274584
353,11.773232542
354,11.807940209
355,11.8405375
356,11.871229875
357,11.902638542
358,11.933448917
359,11.966782209
360,12.000115584
361,12.033449
362,12.066782209
363,12.1001155
364,12.133449
365,12.16678225
366,12.2001155
367,12.233449
368,12.266782375
369,12.300115459
370,12.333449042
371,12.366782334
372,12.4001155
373,12.433448959
374,12.466782667
375,12.500115542
376,12.535944875
377,12.574498167
378,12.60922325
379,12.642071167
380,12.674250875
381,12.708662042
382,12.740763584
383,12.773024667
384,12.8082505
385,12.842034625
386,12.873731334
387,12.908162167
388,12.942628125
389,12.975458875
390,13.009794834
391,13.041331917
392,13.073827459
393,13.107821709
394,13.141386084
395,13.174196042
396,13.208239125
397,13.241061042
398,13.27084925
399,13.30406175
400,13.339304167
401,13.3746405
402,13.409519417
403,13.441991917
404,13.474399125
405,13.508120542
406,13.541668084
407,13.574121792
408,13.608739792
409,13.642750417
410,13.674466959
411,13.708533834
412,13.742265625
413,13.773503959
414,13.808508334
415,13.842532417
416,13.874963209
417,13.908851875
418,13.942124667
419,13.975249584
420,14.009953125
421,14.041920959
422,14.074004875
423,14.108085917
424,14.141438084
425,14.174706917
426,14.208483625
427,14.238729417
428,14.271228792
429,14.305160584
430,14.339416417
431,14.373333209
432,14.409754959
433,14.443536125
434,14.473073709
435,14.508710292
436,14.54122025
437,14.574810084
438,14.61012675
439,14.641661042
440,14.673963792
441,14.708133167
442,14.741707042
443,14.773178875
444,14.808145209
445,14.842704334
446,14.873231875
447,14.908322834
448,14.942335084
449,14.974895584
450,15.0091745
451,15.042603125
452,15.074247
453,15.107774834
454,15.14137
455,15.17501025
456,15.210200709
457,15.240205084
458,15.271658
459,15.306241375
460,15.340801584
461,15.375101584
462,15.4096215
463,15.441004167
464,15.474367542
465,15.509301125
466,15.54108425
467,15.57417975
468,15.610070917
469,15.642465125
470,15.674401959
471,15.708979334
472,15.742170167
473,15.774316667
474,15.808575709
475,15.841712167
476,15.874529334
477,15.908561459
478,15.942344209
479,15.975348334
480,16.010936834
481,16.041261917
482,16.072186917
483,16.107032542
484,16.141435125
485,16.175243375
486,16.209930625
487,16.241491084
488,16.272025792
489,16.305060542
490,16.340071917
491,16.374686292
492,16.408741417
493,16.441188667
494,16.471918292
495,16.507346834
496,16.541120917
497,16.575113625
498,16.6092245
499,16.640083084
500,16.674454875
501,16.708791667
502,16.741616625
503,16.773023084
504,16.808848125
505,16.839606209
506,16.873707125
507,16.903280875
508,16.933448917
509,16.966782125
510,17.000115459
511,17.033448875
512,17.066782209
513,17.100115584
514,17.133448875
515,17.16678225
516,17.200115667
517,17.233448875
518,17.2667825
519,17.300115667
520,17.333449167
521,17.37223025
522,17.409827542
523,17.4425465
524,17.474832334
525,17.508326042
526,17.542684167
527,17.575568667
528,17.61005725
529,17.642979125
530,17.674325459
531,17.708515625
532,17.74258325
533,17.77345575
534,17.807563375
535,17.8424435
536,17.874297084
537,17.908532292
538,17.942008834
539,17.975579542
540,18.010296334
541,18.043049542
542,18.07448275
543,18.108432167
544,18.142341042
545,18.17448525
546,18.2096425
547,18.241985834
548,18.271939459
549,18.304444125
550,18.341866625
551,18.375016834
552,18.41019275
553,18.444078917
554,18.475456834
555,18.509109042
556,18.542382459
557,18.57562825
558,18.610452167
559,18.640621334
560,18.674584542
561,18.709257792
562,18.742745209
563,18.77389875
564,18.807991167
565,18.84061575
566,18.866782125
567,18.900115667
568,18.933448959
569,18.96678225
570,19.000115584
571,19.033448959
572,19.066782375
573,19.100115625
574,19.133449125
575,19.170276375
576,19.210498209
577,19.243307667
578,19.272721417
579,19.30662025
580,19.340818709
581,19.37516925
582,19.410305584
583,19.441264459
584,19.474883792
585,19.508346917
586,19.542627667
587,19.575687209
588,19.6104665
589,19.643723084
590,19.674577792
591,19.709006917
592,19.742516625
593,19.77359625
594,19.808790292
595,19.841604959
596,19.873883084
597,19.908793417
598,19.944032959
599,19.975386375
600,20.010761834
601,20.0424895
602,20.074282167
603,20.108572167
604,20.143008709
605,20.175158125
606,20.211523584
607,20.2410445
608,20.272312459
609,20.302365292
610,20.336170042
611,20.374830584
612,20.409113
613,20.443767459
614,20.474625792
615,20.508636209
616,20.541172584
617,20.574547834
618,20.610630042
619,20.642133542
620,20.675588792
621,20.709051959
622,20.743266792
623,20.774086042
624,20.807372542
625,20.840287167
626,20.87462525
627,20.909862042
628,20.942602875
629,20.975025542
630,21.009763334
631,21.044040042
632,21.075180417
633,21.109126375
634,21.142551125
635,21.175513584
636,21.210129584
637,21.243295834
638,21.271717125
639,21.307487792
640,21.339853
641,21.374440917
642,21.410244667
643,21.442864292
644,21.475058459
645,21.509621584
646,21.5422985
647,21.575254334
648,21.61026675
649,21.643880625
650,21.675150584
651,21.709342084
652,21.742986584
653,21.773064625
654,21.809050459
655,21.841868042
656,21.87486875
657,21.905036584
658,21.933448792
659,21.966782334
660,22.000115459
661,22.033448792
662,22.066782334
663,22.100115584
664,22.133448875
665,22.166782584
666,22.201405209
667,22.23763575
668,22.272083125
669,22.305995542
670,22.33791375
671,22.373290292
672,22.410351334
673,22.443910167
674,22.474666917
675,22.508596792
676,22.541690667
677,22.575364709
678,22.610440917
679,22.643853
680,22.674867709
681,22.709846084
682,22.743403875
683,22.774456209
684,22.809994542
685,22.84365675
686,22.874992
687,22.908547292
688,22.94207025
689,22.975920834
690,23.010350417
691,23.043174834
692,23.075193834
693,23.1093835
694,23.141532334
695,23.176254584
696,23.210792084
697,23.242388959
698,23.272629625
699,23.308169875
700,23.340638917
701,23.373045542
702,23.40949225
703,23.441806834
704,23.475570209
705,23.509387292
706,23.542771167
707,23.576578334
708,23.6105685
709,23.640692292
710,23.674871959
711,23.709311542
712,23.742447209
713,23.773505375
714,23.80927375
715,23.839204125
716,23.87394175
717,23.908360334
718,23.942941917
719,23.976566334
720,24.011173292
721,24.044156375
722,24.075396292
723,24.1091415
724,24.142242875
725,24.176030125
726,24.211723459
727,24.242021709
728,24.271926917
729,24.30908325
730,24.342918334
731,24.373568584
732,24.409429
733,24.442819
734,24.476022292
735,24.508168292
736,24.542550875
737,24.577125334
738,24.610454792
739,24.640491125
740,24.674968875
741,24.709661584
742,24.743414584
743,24.77342475
744,24.810708334
745,24.843074667
746,24.8756775
747,24.908009125
748,24.9423535
749,24.975450792
750,25.010613167
751,25.043111917
752,25.074740875
753,25.10968875
754,25.140850334
755,25.175795917
756,25.211025667
757,25.245105834
758,25.272786209
759,25.308768792
760,25.342913292
761,25.376409167
762,25.407775917
763,25.440998084
764,25.475287
765,25.507906834
766,25.542072209
767,25.576157542
768,25.610463792
769,25.6455685
770,25.674392709
771,25.709246209
772,25.74340975
773,25.77453375
774,25.808601417
775,25.840707792
776,25.875066917
777,25.909370667
778,25.943011375
779,25.976812459
780,26.011519
781,26.0448405
782,26.074673834
783,26.1096825
784,26.142371459
785,26.176822875
786,26.210888084
787,26.242724792
788,26.272554292
789,26.308444292
790,26.342713917
791,26.376355959
792,26.409276584
793,26.441000375
794,26.474670709
795,26.509399
796,26.54288775
797,26.575261667
798,26.610921334
799,26.643308417
800,26.67480025
801,26.709366959
802,26.743156417
803,26.77423525
804,26.809748917
805,26.842016667
806,26.876701667
807,26.905519417
808,26.933448875
809,26.966785584
810,27.000115667
811,27.033448834
812,27.066782334
813,27.1001155
814,27.134798917
815,27.171648959
816,27.210114625
817,27.240947042
818,27.27231375
819,27.309104292
820,27.342666042
821,27.376092042
822,27.411480042
823,27.442532
824,27.473881042
825,27.50901
826,27.543850584
827,27.576080709
828,27.610624125
829,27.64308
830,27.675189959
831,27.710074625
832,27.742938459
833,27.774568834
834,27.809300209
835,27.842750209
836,27.875672042
837,27.910399209
838,27.943888417
839,27.97757525
840,28.010875959
841,28.043578125
842,28.075207417
843,28.109406417
844,28.143564084
845,28.175937542
846,28.211391
847,28.240450375
848,28.272770042
849,28.308005709
850,28.343514209
851,28.375848542
852,28.412434667
853,28.44555775
854,28.4735185
855,28.509536792
856,28.542695709
857,28.576998459
858,28.611497834
859,28.643203667
860,28.675997917
861,28.710412875
862,28.742212875
863,28.773741875
864,28.809918584
865,28.844773459
866,28.873873584
867,28.911093042
868,28.944238334
869,28.977018667
870,29.011911459
871,29.041742292
872,29.075621834
873,29.110434
874,29.143570209
875,29.176657125
876,29.2115885
877,29.2456595
878,29.273573959
879,29.308507042
880,29.341484917
881,29.3736965
882,29.409290834
883,29.442318125
884,29.476299584
885,29.505342542
886,29.541127209
887,29.575775542
888,29.610841667
889,29.642719417
890,29.67625725
891,29.709710792
892,29.742918792
893,29.773243625
894,29.809718834
895,29.843680459
896,29.875882
897,29.907340625
898,29.942983959
899,29.976815875
