sample_start,frames,pc_time_s_callback,input_buffer_adc_time,current_time
0,512,0.015818792,43819.89749579989,43819.912295166
512,512,0.027416917,43819.90910579989,43819.923917916
1024,512,0.034031,43819.920715757886,43819.935523416
1536,512,0.050600625,43819.93232575789,43819.947102583006
2048,512,0.06213425,43819.94393571589,43819.958665166
2560,512,0.068770292,43819.955545674886,43819.970293541
3072,512,0.085478334,43819.96715567489,43819.981968416
3584,512,0.097050625,43819.97876563289,43819.99354925
4096,512,0.103628542,43819.990375632886,43820.005148125005
4608,512,0.120316959,43820.00198559089,43820.016808708
5120,512,0.131815625,43820.01359559089,43820.028341041005
5632,512,0.1384685,43820.025205549886,43820.039977791006
6144,512,0.155114084,43820.03681554989,43820.051616416
6656,512,0.166612375,43820.04842550789,43820.063154458
7168,512,0.17826375,43820.060035507886,43820.074790958
7680,512,0.189861125,43820.07164546589,43820.086389916
8192,512,0.200150417,43820.08325542489,43820.098024291
8704,512,0.213168125,43820.094865424886,43820.109671458005
9216,512,0.224701292,43820.10647538289,43820.121232666
9728,512,0.233532375,43820.11808538289,43820.13286325
10240,512,0.247989334,43820.12969534089,43820.144498916
10752,512,0.259477792,43820.14130534089,43820.156027416
11264,512,0.266870959,43820.15291529989,43820.167609791
11776,512,0.282793875,43820.164525299886,43820.179316625006
12288,512,0.294362709,43820.17613525789,43820.190889333004
12800,512,0.301066292,43820.18774525789,43820.202546416
13312,512,0.317619584,43820.19935521589,43820.21413575
13824,512,0.329165375,43820.21096517489,43820.225697208
14336,512,0.335870875,43820.22257517489,43820.237365166
14848,512,0.352439334,43820.23418513289,43820.248957041
15360,512,0.364054375,43820.24579513289,43820.260575375
15872,512,0.370695667,43820.25740509089,43820.272183791
16384,512,0.387268459,43820.26901509089,43820.28377675
16896,512,0.398901959,43820.28062504989,43820.295397666
17408,512,0.405543792,43820.29223504989,43820.307040375
17920,512,0.422118584,43820.30384500789,43820.318621041006
18432,512,0.433518417,43820.31545500789,43820.330180625
18944,512,0.445308292,43820.32706496589,43820.341821333
19456,512,0.456889542,43820.33867492489,43820.353412875
19968,512,0.466831,43820.35028492489,43820.365092208005
20480,512,0.480210584,43820.36189488289,43820.376707333
20992,512,0.49182825,43820.37350488289,43820.388315666
21504,512,0.500187417,43820.38510613289,43820.399913458
22016,512,0.515036,43820.396715924886,43820.411527666
22528,512,0.52656775,43820.408325715885,43820.423082375004
23040,512,0.53351975,43820.41993550789,43820.434711166
23552,512,0.549814167,43820.431545340885,43820.446315333
24064,512,0.561350292,43820.44315513289,43820.457882291004
24576,512,0.568116334,43820.454764924885,43820.469589541004
25088,512,0.584635459,43820.46637471589,43820.48114175
25600,512,0.596241,43820.47798450789,43820.492759166
26112,512,0.602869084,43820.48959434089,43820.504365833
26624,512,0.619440292,43820.50120413289,43820.515962916004
27136,512,0.630984375,43820.51281392489,43820.527532916
27648,512,0.637738292,43820.52442371589,43820.539219208
28160,512,0.654314167,43820.53603354989,43820.550830083004
28672,512,0.665886,43820.54764334089,43820.562409916005
29184,512,0.672489417,43820.55925313289,43820.573999833
29696,512,0.68910775,43820.57086292489,43820.585631
30208,512,0.700145792,43820.58247275789,43820.597237958005
30720,512,0.712360084,43820.59408254989,43820.608880166
31232,512,0.723848709,43820.60569234089,43820.620393833
31744,512,0.733546417,43820.61730213289,43820.631991958006
32256,512,0.747182167,43820.62891429989,43820.643704875
32768,512,0.758752625,43820.64052413289,43820.655284
33280,512,0.766877584,43820.65213400789,43820.666911541004
33792,512,0.78200625,43820.66374384089,43820.678530208
34304,512,0.793569417,43820.67535367489,43820.690102458
34816,512,0.800139167,43820.68696354989,43820.701662958
35328,512,0.8168615,43820.69857338289,43820.713375
35840,512,0.828413667,43820.71018321589,43820.724943041
36352,512,0.835111417,43820.72179309089,43820.736588041
36864,512,0.851666292,43820.73340292489,43820.748189083
37376,512,0.863171084,43820.74501279989,43820.759721833005
37888,512,0.86994425,43820.756622632885,43820.771413916
38400,512,0.886483084,43820.76823246589,43820.783004875004
38912,512,0.898082584,43820.77984234089,43820.794610916004
39424,512,0.904726459,43820.79145217489,43820.806218333004
39936,512,0.921307125,43820.80306204989,43820.817832041
40448,512,0.9329055,43820.81467188289,43820.829435416
40960,512,0.939509334,43820.82628171589,43820.841022375
41472,512,0.956138084,43820.83789159089,43820.852662000005
41984,512,0.966806875,43820.84950142489,43820.864255875
42496,512,0.979393042,43820.86111125789,43820.875912708005
43008,512,0.990955334,43820.87272113289,43820.887482791004
43520,512,1.00022225,43820.88433546589,43820.899039208
44032,512,1.014247292,43820.89594538289,43820.910749708004
44544,512,1.025809875,43820.90755529989,43820.922338458004
45056,512,1.033544292,43820.91916521589,43820.933956958004
45568,512,1.049050209,43820.93077513289,43820.945556833
46080,512,1.070879792,43820.95771375789,43820.972432500006
46592,512,1.087617792,43820.969323674886,43820.98412225
47104,512,1.099158667,43820.98093359089,43820.995685291
47616,512,1.10578625,43820.99254350789,43821.007303583
48128,512,1.122455709,43821.00415342489,43821.018963333
48640,512,1.133476875,43821.01576334089,43821.030538958
49152,512,1.145631209,43821.02737329989,43821.042153083006
49664,512,1.15727775,43821.03898321589,43821.053797041
50176,512,1.166864917,43821.05059313289,43821.065362458
50688,512,1.180445834,43821.062203049885,43821.076975666
51200,512,1.191976292,43821.073812965886,43821.088524000006
51712,512,1.200207125,43821.08542288289,43821.100111791005
52224,512,1.215332209,43821.09703279989,43821.111841083
52736,512,1.226925709,43821.10864271589,43821.123443833
53248,512,1.233585584,43821.120252632885,43821.135064375005
53760,512,1.250163667,43821.13186254989,43821.146680541
54272,512,1.26173125,43821.14347146589,43821.158256125
54784,512,1.268404584,43821.15508138289,43821.169874708
55296,512,1.284959625,43821.16669129989,43821.181477541
55808,512,1.29647225,43821.17830117489,43821.193013333
56320,512,1.303240834,43821.189911090885,43821.204710375
56832,512,1.319797084,43821.20152100789,43821.216315458005
57344,512,1.331373834,43821.21313088289,43821.227901166
57856,512,1.338043417,43821.22474079989,43821.239520708004
58368,512,1.354609292,43821.23635071589,43821.251132000005
58880,512,1.366206584,43821.24796059089,43821.262734708005
59392,512,1.372811667,43821.259570507886,43821.274321708006
59904,512,1.389393375,43821.27118042489,43821.285921708004
60416,512,1.400208584,43821.28279029989,43821.297500083005
60928,512,1.412679,43821.29440021589,43821.309196
61440,512,1.424247834,43821.30601013289,43821.320776041
61952,512,1.433547084,43821.31762000789,43821.33240225
62464,512,1.447509959,43821.329229924886,43821.344029291
62976,512,1.459075375,43821.34083984089,43821.355603541
63488,512,1.466869542,43821.35244975789,43821.367195750005
64000,512,1.482284709,43821.36405963289,43821.378810250004
64512,512,1.493865334,43821.37566954989,43821.390402666
65024,512,1.500649709,43821.38727934089,43821.402067791
65536,512,1.517128542,43821.39888921589,43821.413654666
66048,512,1.528690959,43821.410499132886,43821.425228083004
66560,512,1.53547975,43821.42210904989,43821.436909416
67072,512,1.551961584,43821.43371892489,43821.448488250004
67584,512,1.563596792,43821.44532884089,43821.460120625
68096,512,1.570222209,43821.45693875789,43821.471715708
68608,512,1.586824625,43821.46854863289,43821.483331583004
69120,512,1.5984145,43821.480158549886,43821.494939791
69632,512,1.60519075,43821.49176846589,43821.506621916
70144,512,1.6216665,43821.50337834089,43821.518178625
70656,512,1.633154,43821.51498825789,43821.529703041
71168,512,1.640041917,43821.52659813289,43821.54146425
71680,512,1.656465834,43821.53820804989,43821.552989208
72192,512,1.666810792,43821.54981796589,43821.564591708004
72704,512,1.679704709,43821.56142784089,43821.576223916
73216,512,1.691275584,43821.57303775789,43821.587804125
73728,512,1.700212709,43821.58464767489,43821.599366
74240,512,1.714537167,43821.596257549885,43821.611052500004
74752,512,1.726006959,43821.607867465886,43821.622563541
75264,512,1.733547125,43821.61947738289,43821.63425625
75776,512,1.749356084,43821.63108725789,43821.645875875
76288,512,1.760931417,43821.64269717489,43821.657460333
76800,512,1.767718042,43821.65430709089,43821.669134958
77312,512,1.784179042,43821.66591696589,43821.680700666
77824,512,1.795730542,43821.677526882886,43821.692267625
78336,512,1.80255275,43821.68913675789,43821.703965666005
78848,512,1.818993792,43821.70074667489,43821.715517041004
79360,512,1.830567209,43821.71235659089,43821.727100333
79872,512,1.837370042,43821.72396646589,43821.738792125005
80384,512,1.853856042,43821.73557638289,43821.750376208
80896,512,1.865417834,43821.74718629989,43821.761948208004
81408,512,1.872215917,43821.75879617489,43821.773636458005
81920,512,1.888614959,43821.77040609089,43821.78514525
82432,512,1.900143834,43821.78201600789,43821.7967785
82944,512,1.90694475,43821.793625882885,43821.808422666
83456,512,1.923471417,43821.80523579989,43821.819997041006
83968,512,1.9335425,43821.81684571589,43821.831600833
84480,512,1.946729834,43821.82845559089,43821.843247541
84992,512,1.958213084,43821.84006550789,43821.854767333
85504,512,1.96687925,43821.85167538289,43821.866467291
86016,512,1.981554417,43821.863285299885,43821.87807725
86528,512,1.993041625,43821.874895215886,43821.889590833
87040,512,2.000221625,43821.886505049886,43821.901298416
87552,512,2.016431167,43821.89811496589,43821.912931583
88064,512,2.028004125,43821.90972484089,43821.924519625005
88576,512,2.034786667,43821.92133475789,43821.936217791
89088,512,2.0512405,43821.93294467489,43821.947744958
89600,512,2.062836084,43821.94455454989,43821.959357458
90112,512,2.069575459,43821.95616446589,43821.970998250006
90624,512,2.085608292,43821.96777438289,43821.982548083004
91136,512,2.097641417,43821.97938425789,43821.99415975
91648,512,2.104290292,43821.99099417489,43822.005794291006
92160,512,2.117556375,43822.002604090885,43822.017378166005
92672,512,2.150179084,43822.03199163289,43822.046712541
93184,512,2.161755417,43822.043601549885,43822.058303291
93696,512,2.168577625,43822.055211424886,43822.069999625004
94208,512,2.185152709,43822.066821340886,43822.081622833
94720,512,2.196712625,43822.07843125789,43822.09320175
95232,512,2.203367584,43822.09004113289,43822.104857000006
95744,512,2.219912459,43822.10165104989,43822.116416000004
96256,512,2.233506042,43822.11326092489,43822.128018
96768,512,2.238143834,43822.12487084089,43822.139650083
97280,512,2.251947459,43822.13648071589,43822.151259083
97792,512,2.282372,43822.165324049885,43822.180042208005
98304,512,2.30406625,43822.19090213289,43822.205625875
98816,512,2.317228959,43822.20251200789,43822.217274916
99328,512,2.348700334,43822.231990299886,43822.2467225
99840,512,2.382257167,43822.265368757886,43822.280098208
100352,512,2.394901834,43822.276978632886,43822.29177525
100864,512,2.401915375,43822.28858854989,43822.303401291
101376,512,2.41802625,43822.30019846589,43822.314964125006
101888,512,2.429986959,43822.31180834089,43822.326525583005
102400,512,2.436737542,43822.32341825789,43822.338222750004
102912,512,2.451419625,43822.335028174886,43822.349839625
103424,512,2.464896959,43822.34663804989,43822.361398500005
103936,512,2.471612709,43822.35824796589,43822.373069208006
104448,512,2.488196084,43822.36985784089,43822.384662416
104960,512,2.50016425,43822.38146771589,43822.396223166004
105472,512,2.506375917,43822.393077632885,43822.407851208
105984,512,2.522986709,43822.40468754989,43822.419487291
106496,512,2.555274167,43822.43198892489,43822.446733666
107008,512,2.561522167,43822.44359884089,43822.458403166005
107520,512,2.568466667,43822.455208757885,43822.469978166
108032,512,2.581258375,43822.466818632885,43822.481588
108544,512,2.596729042,43822.47842854989,43822.493222958
109056,512,2.603322959,43822.49003842489,43822.504816750006
109568,512,2.617023125,43822.50164834089,43822.516448833005
110080,512,2.649524667,43822.53203363289,43822.546780958
110592,512,2.6714145,43822.55815592489,43822.572931375005
111104,512,2.684841167,43822.56976579989,43822.584567625
111616,512,2.699620709,43822.58137571589,43822.596135041
112128,512,2.716335709,43822.59298559089,43822.607809041
112640,512,2.738223625,43822.62491284089,43822.639745958004
113152,512,2.752957167,43822.636522757886,43822.651333083006
113664,512,2.782614375,43822.665275424886,43822.680003875
114176,512,2.804376167,43822.691216299885,43822.705927916
114688,512,2.817400667,43822.702826174886,43822.717594166
115200,512,2.846963334,43822.73194163289,43822.746669625005
115712,512,2.859691542,43822.74355154989,43822.758349041
116224,512,2.868462084,43822.75516142489,43822.769947375
116736,512,2.884791375,43822.76677134089,43822.781606791
117248,512,2.906615792,43822.79343784089,43822.808166333
117760,512,2.923275917,43822.80504775789,43822.819798875
118272,512,2.933487334,43822.81665763289,43822.831433458006
118784,512,2.94660225,43822.828267549885,43822.843087291
119296,512,2.9668195,43822.839877424885,43822.854641000005
119808,512,2.98182775,43822.86536479989,43822.880089583006
120320,512,2.995273542,43822.87697467489,43822.891768875
120832,512,3.0020175,43822.88858459089,43822.9034505
121344,512,3.0153615,43822.90019446589,43822.91496675
121856,512,3.049840709,43822.93194029989,43822.946658875
122368,512,3.093572792,43822.96531875789,43822.980034541004
122880,512,3.105284417,43822.992075965885,43823.006819583
123392,512,3.119484042,43823.003685840886,43823.018490833005
123904,512,3.133489959,43823.01529575789,43823.030049958004
124416,512,3.140223792,43823.02690567489,43823.041719291
124928,512,3.154219167,43823.03851554989,43823.053271166005
125440,512,3.166814375,43823.05012546589,43823.064892916
125952,512,3.190007834,43823.06173534089,43823.076491708
126464,512,3.201742959,43823.08849254989,43823.103301416006
126976,512,3.216542167,43823.10010246589,43823.114899541004
127488,512,3.229991709,43823.11171234089,43823.126490541006
128000,512,3.236690084,43823.12332225789,43823.138118083
128512,512,3.258224375,43823.13493213289,43823.149717916
129024,512,3.283498,43823.165317424886,43823.180035666
129536,512,3.295207334,43823.176927299886,43823.19172
130048,512,3.301677625,43823.18853721589,43823.203239541006
130560,512,3.316380709,43823.20014713289,43823.21495025
131072,512,3.329975334,43823.21175700789,43823.226494375005
131584,512,3.336734125,43823.22336692489,43823.238199166
132096,512,3.350120625,43823.23497684089,43823.249752791
132608,512,3.366845709,43823.24658671589,43823.261348208005
133120,512,3.371584709,43823.25819663289,43823.273018875
133632,512,3.386713417,43823.26980650789,43823.284582916
134144,512,3.415643042,43823.29864988289,43823.313372708006
134656,512,3.4375355,43823.32431863289,43823.339074291005
135168,512,3.453611209,43823.33592854989,43823.350726916
135680,512,3.465807334,43823.34753842489,43823.362325666
136192,512,3.47245475,43823.35914834089,43823.373938541
136704,512,3.499016709,43823.370758257886,43823.385499166005
137216,512,3.514501042,43823.39861159089,43823.413325875
137728,512,3.546437417,43823.42827146589,43823.442980958
138240,512,3.582954625,43823.46500613289,43823.479711750006
138752,512,3.604813459,43823.49158209089,43823.506362083004
139264,512,3.619739917,43823.50319204989,43823.518000666
139776,512,3.646681209,43823.52849817489,43823.543209125004
140288,512,3.663275292,43823.54010813289,43823.554800833
140800,512,3.666921834,43823.55171809089,43823.566513625
141312,512,3.680813709,43823.56332809089,43823.578125041
141824,512,3.692997125,43823.57493804989,43823.589694666
142336,512,3.700274209,43823.58654800789,43823.601325916
142848,512,3.716446417,43823.59815800789,43823.612957208
143360,512,3.733046417,43823.609767965885,43823.62452325
143872,512,3.734555959,43823.62137792489,43823.636116458
144384,512,3.751283167,43823.632986132885,43823.647791375006
144896,512,3.762481917,43823.64459609089,43823.659290041
145408,512,3.769539917,43823.65620604989,43823.671020291
145920,512,3.791089542,43823.66781600789,43823.6825915
146432,512,3.797665334,43823.679425965885,43823.694188666006
146944,512,3.804451167,43823.69103592489,43823.705875375
147456,512,3.816503292,43823.70264588289,43823.717442666006
147968,512,3.84841,43823.73021950789,43823.744944916005
148480,512,3.866824709,43823.741829465886,43823.756596750005
148992,512,3.867655792,43823.75343942489,43823.769126958
149504,512,3.883303875,43823.76504938289,43823.779821708005
150016,512,3.899899,43823.77665934089,43823.791411291
150528,512,3.901404125,43823.78826929989,43823.8029685
151040,512,3.917001834,43823.79987925789,43823.814671708
151552,512,3.938872917,43823.82572954989,43823.840434833
152064,512,3.953830167,43823.83733950789,43823.85213775
152576,512,3.983439125,43823.86527596589,43823.879983666004
153088,512,3.995175917,43823.876884715886,43823.891683291
153600,512,4.001837792,43823.88849467489,43823.903295250006
154112,512,4.023423042,43823.900104632885,43823.914883125006
154624,512,4.065179667,43823.93194129989,43823.946656458
155136,512,4.080936917,43823.96531988289,43823.980036291
155648,512,4.102849917,43823.98962821589,43824.004382833
156160,512,4.117614209,43824.00123817489,43824.01602675
156672,512,4.1294975,43824.01284813289,43824.027616916006
157184,512,4.137886375,43824.02445809089,43824.039307875006
157696,512,4.149446167,43824.036068049885,43824.050833791
158208,512,4.160968,43824.04767800789,43824.062431375
158720,512,4.172567417,43824.05928792489,43824.074064333
159232,512,4.1872515,43824.07089788289,43824.085672333
159744,512,4.200142542,43824.08250784089,43824.097263291005
160256,512,4.207379375,43824.09411779989,43824.108885916
160768,512,4.219984625,43824.10572775789,43824.120492875
161280,512,4.233522084,43824.11733767489,43824.132097
161792,512,4.24724925,43824.12894763289,43824.143731958
162304,512,4.269026,43824.155794590886,43824.170583708
162816,512,4.2830625,43824.16740454989,43824.182195833004
163328,512,4.297244167,43824.17901446589,43824.193773416
163840,512,4.304081375,43824.19062442489,43824.205486833
164352,512,4.3168235,43824.20223438289,43824.217047916005
164864,512,4.333492459,43824.21384429989,43824.22858375
165376,512,4.33885625,43824.22545425789,43824.240302750004
165888,512,4.354572042,43824.237064215886,43824.251829833
166400,512,4.366821834,43824.24867417489,43824.263448125006
166912,512,4.373703875,43824.26028409089,43824.275123166
167424,512,4.3893225,43824.27189404989,43824.286667416
167936,512,4.416047834,43824.29783500789,43824.312556916004
168448,512,4.427715417,43824.30944496589,43824.324236666005
168960,512,4.43448475,43824.32105492489,43824.335901416
169472,512,4.450359625,43824.33266484089,43824.347461791
169984,512,4.462523,43824.344274799885,43824.359045416
170496,512,4.469325334,43824.35588475789,43824.370731041
171008,512,4.482190334,43824.36749467489,43824.382259125
171520,512,4.497347667,43824.37910463289,43824.393862000004
172032,512,4.50408225,43824.390713632885,43824.405534791
172544,512,4.515964625,43824.40232359089,43824.417091
173056,512,4.533487084,43824.41393350789,43824.428656958
173568,512,4.538901959,43824.42554346589,43824.440339833
174080,512,4.552757209,43824.43715338289,43824.451908666
174592,512,4.581294209,43824.465271215886,43824.479993666006
175104,512,4.600159209,43824.47688117489,43824.491686583
175616,512,4.602002375,43824.48849113289,43824.503411416
176128,512,4.618475167,43824.50010104989,43824.514909083
176640,512,4.629984584,43824.511711007886,43824.526494708
177152,512,4.6366505,43824.52332092489,43824.538125541
177664,512,4.652545125,43824.53493088289,43824.549705583006
178176,512,4.666824125,43824.546540840885,43824.561291000005
178688,512,4.671513042,43824.55815075789,43824.572963583
179200,512,4.684097834,43824.56976071589,43824.584533375004
179712,512,4.699562125,43824.58137063289,43824.596077625
180224,512,4.706371084,43824.59298059089,43824.607812875
180736,512,4.7219105,43824.60459054989,43824.619369291
181248,512,4.733550417,43824.61620046589,43824.630974708
181760,512,4.746095917,43824.627810424885,43824.642603375
182272,512,4.762768709,43824.63941950789,43824.654218333
182784,512,4.766894875,43824.65102942489,43824.665823208
183296,512,4.780931167,43824.66263938289,43824.677446833004
183808,512,4.800138167,43824.67424929989,43824.689057333
184320,512,4.821871334,43824.69864834089,43824.713364708005
184832,512,4.833491292,43824.71025825789,43824.725041375
185344,512,4.835304125,43824.721868215885,43824.736735166
185856,512,4.851124417,43824.73347813289,43824.748270250006
186368,512,4.86681275,43824.74508809089,43824.759829500006
186880,512,4.870124209,43824.75669800789,43824.771560125
187392,512,4.881814667,43824.76830796589,43824.783067583005
187904,512,4.900141459,43824.77991788289,43824.794620083005
188416,512,4.904892209,43824.79152784089,43824.806359791
188928,512,4.91661875,43824.80313775789,43824.817948791
189440,512,4.93300075,43824.814747715885,43824.829512125005
189952,512,4.939741959,43824.82635763289,43824.841172625005
190464,512,4.95446625,43824.83796759089,43824.852766208
190976,512,4.966859375,43824.84957750789,43824.864367708
191488,512,4.97448125,43824.86118746589,43824.875984375
192000,512,4.990133084,43824.872797382886,43824.887559250004
192512,512,5.000254584,43824.884406549885,43824.899171083
193024,512,5.009334125,43824.89601650789,43824.910787625005
193536,512,5.024939625,43824.90762642489,43824.922399916
194048,512,5.0335465,43824.91923638289,43824.934014125
194560,512,5.054139459,43824.93084629989,43824.945621750005
195072,512,5.060455,43824.942456257886,43824.957219583004
195584,512,5.067399584,43824.95406617489,43824.968835083004
196096,512,5.082015167,43824.96567613289,43824.980455541
196608,512,5.116802792,43824.99860117489,43825.013331208
197120,512,5.138511084,43825.025358424886,43825.040068125
197632,512,5.15337375,43825.03696838289,43825.051769791
198144,512,5.165885625,43825.04857829989,43825.063354208
198656,512,5.173521042,43825.06018825789,43825.075004458005
199168,512,5.18838275,43825.07179817489,43825.086576875
199680,512,5.199882334,43825.08340813289,43825.098172750004
200192,512,5.2082555,43825.09501804989,43825.109773583004
200704,512,5.222148875,43825.10662796589,43825.121428583
201216,512,5.247315834,43825.13084559089,43825.145570791006
201728,512,5.283129625,43825.16531188289,43825.180025500005
202240,512,5.304906542,43825.19170634089,43825.20645325
202752,512,5.321601542,43825.20331625789,43825.218111625
203264,512,5.333198209,43825.214926174885,43825.229706291
203776,512,5.33990825,43825.22653613289,43825.241367708004
204288,512,5.353430875,43825.23814604989,43825.252927083005
204800,512,5.380352375,43825.26218225789,43825.276894166
205312,512,5.392072417,43825.27379217489,43825.288581583
205824,512,5.400227209,43825.285402090885,43825.300190041
206336,512,5.415317125,43825.29701204989,43825.311818500006
206848,512,5.426687125,43825.30862196589,43825.323322333
207360,512,5.433685042,43825.32023192489,43825.335012208
207872,512,5.448745,43825.33184184089,43825.34663275
208384,512,5.461297625,43825.343451757886,43825.358225250005
208896,512,5.468464459,43825.35506171589,43825.369879666
209408,512,5.481544375,43825.36667163289,43825.381434125
209920,512,5.500179875,43825.378281549885,43825.393028583
210432,512,5.503232625,43825.389890882885,43825.404696708
210944,512,5.516348292,43825.40150079989,43825.416269791
211456,512,5.531307792,43825.41311071589,43825.427841583005
211968,512,5.538140875,43825.42472067489,43825.439562833
212480,512,5.553122917,43825.43633059089,43825.451086083005
212992,512,5.566180959,43825.44794050789,43825.462698083
213504,512,5.572844917,43825.45955046589,43825.474329000004
214016,512,5.587695792,43825.47116038289,43825.485936041005
214528,512,5.600157667,43825.48277029989,43825.497532291
215040,512,5.60765675,43825.494380257885,43825.509157
215552,512,5.623614375,43825.50599017489,43825.520751833006
216064,512,5.633494959,43825.51760009089,43825.532368833
216576,512,5.647489125,43825.52921004989,43825.544000791
217088,512,5.659072875,43825.540819965885,43825.555577916006
217600,512,5.666889292,43825.55242988289,43825.567207083004
218112,512,5.68231125,43825.56403979989,43825.578823041
218624,512,5.7140505,43825.595876424886,43825.610591875
219136,512,5.725767667,43825.60748634089,43825.622275083006
219648,512,5.733559167,43825.61909629989,43825.633878375
220160,512,5.748969084,43825.63071075789,43825.645483958004
220672,512,5.760278625,43825.64232071589,43825.657077541
221184,512,5.767060417,43825.65393067489,43825.668623916004
221696,512,5.781782792,43825.66554059089,43825.680341458006
222208,512,5.803627667,43825.69048384089,43825.705188083004
222720,512,5.820391834,43825.70209379989,43825.71689825
223232,512,5.831869292,43825.71370375789,43825.72840425
223744,512,5.838648417,43825.72531371589,43825.740127458004
224256,512,5.854122334,43825.736923674885,43825.751701458
224768,512,5.86663075,43825.748533590886,43825.763310541006
225280,512,5.8735815,43825.76014354989,43825.774995541
225792,512,5.888625375,43825.77175350789,43825.786498125
226304,512,5.900321334,43825.78336346589,43825.798123166
226816,512,5.933324834,43825.79497338289,43825.809767583
227328,512,5.949854584,43825.83188942489,43825.846604416
227840,512,5.966818334,43825.84349934089,43825.858293708
228352,512,5.968596917,43825.85510929989,43825.869999041
228864,512,5.981467917,43825.86671925789,43825.881501
229376,512,6.000155084,43825.87832825789,43825.893070958
229888,512,6.003257834,43825.889938215885,43825.904750625006
230400,512,6.016233125,43825.90154817489,43825.916291375004
230912,512,6.031447,43825.91315813289,43825.927946833006
231424,512,6.038059917,43825.92476804989,43825.939559708
231936,512,6.053375542,43825.936378007886,43825.951182708006
232448,512,6.065928167,43825.94798796589,43825.962732958
232960,512,6.072950542,43825.95959788289,43825.974364708
233472,512,6.089454375,43825.97120784089,43825.985966916
233984,512,6.100401542,43825.982817799886,43825.997584958
234496,512,6.1127385,43825.99442771589,43826.009232083
235008,512,6.124257334,43826.00603767489,43826.020780916006
235520,512,6.133547792,43826.017647632885,43826.032418375005
236032,512,6.147521709,43826.02925754989,43826.044037416
236544,512,6.159083084,43826.04086750789,43826.055610625
237056,512,6.166968084,43826.05247746589,43826.067254833004
237568,512,6.182386875,43826.06408738289,43826.07887525
238080,512,6.193928667,43826.075697340886,43826.090457750004
238592,512,6.200524834,43826.08730729989,43826.102037833
239104,512,6.222201084,43826.09891721589,43826.1136905
239616,512,6.253988542,43826.13075388289,43826.145479833
240128,512,6.270711,43826.15751034089,43826.172261958
240640,512,6.282469209,43826.16912025789,43826.183868875
241152,512,6.298965667,43826.180730215885,43826.195492666004
241664,512,6.305784584,43826.192340174886,43826.20720075
242176,512,6.333520042,43826.20395009089,43826.218727666004
242688,512,6.349502542,43826.23206792489,43826.246778375
243200,512,6.361969667,43826.243677882885,43826.258475041
243712,512,6.368746375,43826.25528779989,43826.270155458005
244224,512,6.385178084,43826.26689775789,43826.281683625006
244736,512,6.396674,43826.27850767489,43826.293265791006
245248,512,6.403509292,43826.29011763289,43826.304956
245760,512,6.420001959,43826.301727590886,43826.316506666
246272,512,6.441729375,43826.32857554989,43826.343287458
246784,512,6.4668245,43826.34018550789,43826.354991083004
247296,512,6.483513459,43826.36531013289,43826.380016958006
247808,512,6.5001505,43826.37692009089,43826.391719833
248320,512,6.501933834,43826.38852921589,43826.403364208
248832,512,6.516020625,43826.40013917489,43826.414927416
249344,512,6.527559167,43826.41174909089,43826.426514000006
249856,512,6.536786834,43826.42335904989,43826.438231708
250368,512,6.549677334,43826.43496896589,43826.449715083
250880,512,6.564830667,43826.446578924886,43826.461350958
251392,512,6.571622875,43826.45818884089,43826.473045916006
251904,512,6.584229667,43826.46979879989,43826.484580416
252416,512,6.621877459,43826.49864221589,43826.513365625004
252928,512,6.638661584,43826.525490215885,43826.540217666006
253440,512,6.6507805,43826.53710013289,43826.55189
253952,512,6.666819709,43826.54871009089,43826.563480000004
254464,512,6.673691042,43826.56032000789,43826.575148791
254976,512,6.685533542,43826.57192996589,43826.586703208006
255488,512,6.700193625,43826.583539882886,43826.598300708
256000,512,6.728506417,43826.59514984089,43826.609945666
256512,512,6.740138667,43826.62698646589,43826.641699708
257024,512,6.753888667,43826.638595715885,43826.653384625
257536,512,6.766863334,43826.65020567489,43826.664973041006
258048,512,6.780110584,43826.66181559089,43826.676606958004
258560,512,6.796678584,43826.67342554989,43826.688186833
259072,512,6.800223792,43826.68503546589,43826.69980175
259584,512,6.814903334,43826.69664542489,43826.71141825
260096,512,6.836719792,43826.72349338289,43826.738272125
260608,512,6.850478709,43826.735103299885,43826.74989725
261120,512,6.86680775,43826.74671325789,43826.761474708
261632,512,6.871778292,43826.75832317489,43826.773195791
262144,512,6.884231209,43826.76993313289,43826.784704291
262656,512,6.895740584,43826.78154304989,43826.796304083
263168,512,6.906484417,43826.793153007886,43826.807962958
263680,512,6.92198925,43826.80476292489,43826.819565166006
264192,512,6.933568917,43826.81637288289,43826.831142958006
264704,512,6.941210584,43826.827982799885,43826.842735583006
265216,512,6.957832834,43826.839592715885,43826.854352958006
265728,512,6.966944667,43826.85120267489,43826.865975208006
266240,512,6.981092542,43826.86281259089,43826.877604833004
266752,512,6.992662042,43826.87442254989,43826.889179958
267264,512,7.000218709,43826.88603188289,43826.900805291
267776,512,7.020995417,43826.897641799886,43826.912447
268288,512,7.049453209,43826.93201809089,43826.946742208005
268800,512,7.066819625,43826.94362800789,43826.958411791005
269312,512,7.068599542,43826.955237965885,43826.970084708
269824,512,7.0811455,43826.96684788289,43826.98163875
270336,512,7.100164334,43826.97845784089,43826.993166
270848,512,7.103395292,43826.99006775789,43827.004871375
271360,512,7.11669675,43827.00167767489,43827.016483375
271872,512,7.1325565,43827.013287632886,43827.029077
272384,512,7.138348584,43827.02489754989,43827.039779458006
272896,512,7.151842875,43827.03650746589,43827.051281333006
273408,512,7.166815042,43827.048117424885,43827.062879416
273920,512,7.1730775,43827.059727340886,43827.074542416005
274432,512,7.187243959,43827.07133729989,43827.086091625
274944,512,7.200143542,43827.08294721589,43827.097720166006
275456,512,7.207847,43827.09455713289,43827.109343250006
275968,512,7.224170209,43827.10616709089,43827.120949625
276480,512,7.23356175,43827.11777700789,43827.132539041006
276992,512,7.247701667,43827.12938692489,43827.144186541
277504,512,7.259260584,43827.14099634089,43827.155762375005
278016,512,7.266886459,43827.152606257885,43827.167372791
278528,512,7.281996,43827.16421617489,43827.179003625
279040,512,7.294069042,43827.17582613289,43827.190591958
279552,512,7.300724417,43827.18743604989,43827.202211833006
280064,512,7.322330667,43827.19904596589,43827.213813875
280576,512,7.348130709,43827.23088259089,43827.245603
281088,512,7.365773042,43827.24249250789,43827.257277125005
281600,512,7.367402084,43827.254102465886,43827.268888875005
282112,512,7.382694875,43827.26571238289,43827.280477875
282624,512,7.395276167,43827.27732229989,43827.2920815
283136,512,7.402335959,43827.28893225789,43827.303756791
283648,512,7.418860125,43827.30054217489,43827.315351625
284160,512,7.44071775,43827.32748084089,43827.342274541006
284672,512,7.456408,43827.33909075789,43827.353846041005
285184,512,7.466879292,43827.35070071589,43827.365464541006
285696,512,7.490663209,43827.36231063289,43827.37711162501
286208,512,7.507382875,43827.39423738289,43827.408944
286720,512,7.523940334,43827.40584734089,43827.420639583004
287232,512,7.533581,43827.417457257885,43827.432158791
287744,512,7.557385584,43827.42906717489,43827.443839375
288256,512,7.57407975,43827.46090379989,43827.475628041
288768,512,7.589527459,43827.47251371589,43827.487311833
289280,512,7.616480167,43827.49827325789,43827.512998833
289792,512,7.627878709,43827.50988317489,43827.524682083
290304,512,7.634937625,43827.52149309089,43827.536351333
290816,512,7.648550875,43827.53310300789,43827.547890125
291328,512,7.670373667,43827.55722992489,43827.571934166
291840,512,7.683325375,43827.56883984089,43827.583645041006
292352,512,7.6986985,43827.58044975789,43827.595213625005
292864,512,7.705476375,43827.59205967489,43827.606899041006
293376,512,7.718107625,43827.60366963289,43827.618456083
293888,512,7.749557,43827.63178696589,43827.646503
294400,512,7.761680334,43827.643396882886,43827.658192333
294912,512,7.76836175,43827.65500684089,43827.669819875
295424,512,7.78488575,43827.66661675789,43827.681389041005
295936,512,7.796206167,43827.678226674885,43827.692951375
296448,512,7.803155667,43827.689836590886,43827.704625666
296960,512,7.815932834,43827.70144654989,43827.716223250005
297472,512,7.831232792,43827.71305646589,43827.727757
297984,512,7.837986292,43827.72466638289,43827.739461375
298496,512,7.850672,43827.73627629989,43827.751039
299008,512,7.8661215,43827.74788625789,43827.762646375006
299520,512,7.8728525,43827.75949617489,43827.774330666005
300032,512,7.888456959,43827.77110609089,43827.78591825
300544,512,7.900151417,43827.78271600789,43827.797515958
301056,512,7.907707709,43827.794325924886,43827.809140375
301568,512,7.922530084,43827.80593588289,43827.820735666006
302080,512,7.949422875,43827.83124188289,43827.845961958
302592,512,7.961098125,43827.84285179989,43827.857619416005
303104,512,7.967898667,43827.85446171589,43827.869302791005
303616,512,7.984347959,43827.866071674885,43827.880860375
304128,512,7.995919917,43827.87768763289,43827.89243775
304640,512,8.002678167,43827.88929759089,43827.904119541
305152,512,8.024262875,43827.90090754989,43827.915723583006
305664,512,8.041039792,43827.92784625789,43827.942590166
306176,512,8.057495125,43827.939456215885,43827.954247333
306688,512,8.066894,43827.95106613289,43827.965767375004
307200,512,8.091056667,43827.96267609089,43827.977519916
307712,512,8.10281075,43827.98961479989,43828.004354291006
308224,512,8.119537834,43828.001224757885,43828.016020666
308736,512,8.141415834,43828.02816346589,43828.04295529101
309248,512,8.153430459,43828.03977342489,43828.054559625
309760,512,8.16686875,43828.05138338289,43828.066164875
310272,512,8.181307875,43828.062993340885,43828.077788625
310784,512,8.192828375,43828.07460329989,43828.089356333
311296,512,8.20021775,43828.08621325789,43828.100991875006
311808,512,8.231238084,43828.09782321589,43828.112637333004
312320,512,8.248098459,43828.13201813289,43828.146739458
312832,512,8.261913959,43828.14362717489,43828.158431541
313344,512,8.268583584,43828.15523713289,43828.170065291
313856,512,8.282977334,43828.16684709089,43828.181665875
314368,512,8.294524125,43828.17845700789,43828.193263500005
314880,512,8.303396,43828.190066965886,43828.204884916006
315392,512,8.318738,43828.20167692489,43828.216489875005
315904,512,8.3492815,43828.231971632886,43828.246690583
316416,512,8.361906792,43828.24358159089,43828.258394416
316928,512,8.368699209,43828.25519150789,43828.270103083
317440,512,8.390117917,43828.26680146589,43828.28161325
317952,512,8.3963745,43828.278411424886,43828.293205875
318464,512,8.403545292,43828.29002138289,43828.304942250004
318976,512,8.419970709,43828.30163129989,43828.316466000004
319488,512,8.433510084,43828.313241257885,43828.328035333005
320000,512,8.43821925,43828.32485121589,43828.339684583
320512,512,8.451515667,43828.33646117489,43828.351245916005
321024,512,8.466819,43828.34807109089,43828.363903958
321536,512,8.473173667,43828.359681049886,43828.374576625
322048,512,8.48824825,43828.37129100789,43828.386123625
322560,512,8.516774459,43828.39859163289,43828.413306583
323072,512,8.528468042,43828.41020159089,43828.42498
323584,512,8.535102792,43828.42181154989,43828.436579500005
324096,512,8.551762875,43828.43342146589,43828.448256333
324608,512,8.573512125,43828.46036017489,43828.475073208
325120,512,8.586416125,43828.47197013289,43828.486787958005
325632,512,8.600166459,43828.48358009089,43828.498278875006
326144,512,8.60869625,43828.49519000789,43828.510101291
326656,512,8.625098084,43828.506799965886,43828.521604625006
327168,512,8.633607209,43828.51840992489,43828.533206833
327680,512,8.643346792,43828.53001984089,43828.544830458006
328192,512,8.666864917,43828.54162979989,43828.556339208
328704,512,8.667697292,43828.553239757886,43828.569184166
329216,512,8.683136375,43828.56484967489,43828.579652
329728,512,8.694688417,43828.57645963289,43828.591210208004
330240,512,8.701486792,43828.588069590885,43828.602913
330752,512,8.717973042,43828.59967950789,43828.614463625
331264,512,8.739668209,43828.62652750789,43828.641232125
331776,512,8.754959042,43828.63813671589,43828.652904208
332288,512,8.781709167,43828.663533465886,43828.678241833004
332800,512,8.798445209,43828.67514342489,43828.6899415
333312,512,8.800223084,43828.68675334089,43828.701444750004
333824,512,8.821713667,43828.69836329989,43828.713169
334336,512,8.849765875,43828.731923299885,43828.746638416
334848,512,8.86182425,43828.743533215886,43828.758334833
335360,512,8.868504459,43828.75514317489,43828.769961083
335872,512,8.885027625,43828.76675309089,43828.78154325
336384,512,8.896592875,43828.77836304989,43828.793120083006
336896,512,8.903319959,43828.789973007886,43828.8047795
337408,512,8.918143,43828.80158292489,43828.816362625
337920,512,8.929688625,43828.81319288289,43828.827956666006
338432,512,8.938171375,43828.824802799885,43828.839637333
338944,512,8.954700167,43828.83641275789,43828.851206375
339456,512,8.983426417,43828.86525621589,43828.879969
339968,512,9.000150542,43828.87686550789,43828.891657625005
340480,512,9.001878917,43828.88847542489,43828.903315
340992,512,9.018373334,43828.90008538289,43828.914872916
341504,512,9.033500834,43828.91169529989,43828.926412708
342016,512,9.036585125,43828.923305257886,43828.938083833
342528,512,9.048970167,43828.93491517489,43828.949710125
343040,512,9.080947709,43828.96276088289,43828.97748
343552,512,9.102732042,43828.98951817489,43829.004275291
344064,512,9.118468209,43829.00112809089,43829.015930583
344576,512,9.130989709,43829.01273804989,43829.027497083
345088,512,9.137691792,43829.024348007886,43829.039177750004
345600,512,9.1500395,43829.03595792489,43829.050746708
346112,512,9.165797209,43829.04756788289,43829.062325000006
346624,512,9.172511625,43829.059177799885,43829.073991708006
347136,512,9.186772875,43829.07078775789,43829.085545666
347648,512,9.226871,43829.09863346589,43829.113359875
348160,512,9.23858775,43829.12539071589,43829.140138
348672,512,9.250878834,43829.13700009089,43829.151795208
349184,512,9.28237775,43829.165299299886,43829.180007250005
349696,512,9.294975167,43829.17690921589,43829.191719458
350208,512,9.3019195,43829.18851917489,43829.203379166
350720,512,9.328469959,43829.20012909089,43829.214927166
351232,512,9.340115792,43829.22697709089,43829.241679333005
351744,512,9.351974,43829.23858700789,43829.253391625
352256,512,9.363525917,43829.25019696589,43829.264973833
352768,512,9.375076334,43829.26180688289,43829.276585125
353280,512,9.388710709,43829.273416840886,43829.288171458
353792,512,9.400157875,43829.28502675789,43829.299806458
354304,512,9.41002375,43829.29663671589,43829.311477083
354816,512,9.425488625,43829.308246632885,43829.323032041
355328,512,9.433544709,43829.31985659089,43829.334639208006
355840,512,9.449752209,43829.33146650789,43829.346263208005
356352,512,9.461358417,43829.34307642489,43829.357875333
356864,512,9.468119042,43829.35468638289,43829.369542666005
357376,512,9.483498084,43829.366296299886,43829.381075458004
357888,512,9.4948995,43829.37790625789,43829.392668291
358400,512,9.502920209,43829.38951559089,43829.404358208005
358912,512,9.516063834,43829.40112554989,43829.415891166005
359424,512,9.530972917,43829.412735465885,43829.427500833
359936,512,9.53774125,43829.424345424886,43829.439176666005
360448,512,9.553818334,43829.43595534089,43829.450696041
360960,512,9.580546209,43829.46234979989,43829.477071583
361472,512,9.592198667,43829.47395971589,43829.488705708005
361984,512,9.600373792,43829.485569674885,43829.500372333
362496,512,9.610541209,43829.497179590886,43829.512024708005
363008,512,9.625440417,43829.50878954989,43829.523556375
363520,512,9.633705,43829.52039946589,43829.535177000005
364032,512,9.660341834,43829.532009382885,43829.546804916004
364544,512,9.688536417,43829.56529725789,43829.580012166
365056,512,9.700149709,43829.57690717489,43829.591694083
365568,512,9.70193375,43829.58851713289,43829.603344375006
366080,512,9.717934917,43829.60012704989,43829.614912833
366592,512,9.739665542,43829.62652150789,43829.641228416
367104,512,9.754744584,43829.63813096589,43829.652936208004
367616,512,9.76681175,43829.64974092489,43829.664521166
368128,512,9.774768917,43829.66135084089,43829.676183083
368640,512,9.787528417,43829.67296075789,43829.687744833005
369152,512,9.800358625,43829.68457071589,43829.700001333
369664,512,9.809449667,43829.69618063289,43829.710958
370176,512,9.825279209,43829.70779054989,43829.722558500005
370688,512,9.833581709,43829.719400507885,43829.734204791006
371200,512,9.854327167,43829.73101042489,43829.745798
371712,512,9.860790125,43829.74262034089,43829.757332541005
372224,512,9.867545834,43829.75423029989,43829.769017458006
372736,512,9.884143042,43829.765840215885,43829.78063575
373248,512,9.900150417,43829.777450174886,43829.792210458
373760,512,9.902517834,43829.78906009089,43829.803929875
374272,512,9.918074209,43829.80067000789,43829.815461375
374784,512,9.930554167,43829.81227996589,43829.827065458005
375296,512,9.937319959,43829.823889882886,43829.838731291005
375808,512,9.950685459,43829.83549979989,43829.850270958006
376320,512,9.982614209,43829.864433924886,43829.879152541005
376832,512,9.994269417,43829.87604388289,43829.890789833
377344,512,10.000986625,43829.88765338289,43829.9024125
