time_ms,ax,ay,az,gx,gy,gz,load_raw
1058236,1.503906,1.593750,9.382813,0.000000,0.000000,0.000000,-220811
1058286,1.542969,1.593750,9.382813,0.000000,0.000000,0.000000,-220924
1058336,1.503906,1.593750,9.382813,0.000000,0.000000,0.000000,-220721
1058390,1.542969,1.593750,9.417969,0.000000,0.000000,0.000000,-220853
1058441,1.503906,1.593750,9.417969,0.000000,0.000000,0.000000,-220708
1058492,1.503906,1.554688,9.414063,0.000000,0.000000,0.000000,-220885
1058544,1.542969,1.554688,9.414063,0.000000,0.000000,0.000000,-220786
1058595,1.503906,1.554688,9.414063,0.000000,0.000000,0.000000,-220801
1058650,1.542969,1.593750,9.382813,0.000000,0.000000,0.000000,-220808
1058703,1.542969,1.632813,9.382813,0.000000,0.000000,0.000000,-220883
1058753,1.542969,1.593750,9.382813,0.000000,0.000000,0.000000,-220755
1058805,1.542969,1.554688,9.386719,0.000000,0.000000,0.000000,-220722
1058855,1.542969,1.593750,9.382813,0.000000,0.000000,0.000000,-220744
1058906,1.503906,1.593750,9.417969,0.000000,0.000000,0.000000,-220747
1058956,1.503906,1.593750,9.417969,0.000000,0.000000,0.000000,-220784
1059006,1.503906,1.554688,9.414063,0.000000,0.000000,0.000000,-220856
1059056,1.503906,1.593750,9.417969,0.000000,0.000000,0.000000,-220720
1059106,1.542969,1.593750,9.417969,0.000000,0.000000,0.000000,-220790
1059160,1.503906,1.593750,9.417969,0.000000,0.000000,0.000000,-220763
1059213,1.542969,1.593750,9.417969,0.000000,0.000000,0.000000,-220765
1059263,1.503906,1.593750,9.382813,0.000000,0.000000,0.000000,-220664
1059315,1.503906,1.593750,9.417969,0.000000,0.000000,0.000000,-220747
1059365,1.542969,1.593750,9.382813,0.000000,0.000000,0.000000,-220696
1059418,1.503906,1.593750,9.417969,0.000000,0.000000,0.000000,-220742
1059473,1.542969,1.554688,9.414063,0.000000,0.000000,0.000000,-220773
1059523,1.542969,1.593750,9.417969,0.000000,0.000000,0.000000,-220830
1059575,1.503906,1.593750,9.417969,0.000000,0.000000,0.000000,-220855
1059625,1.542969,1.554688,9.414063,0.000000,0.000000,0.000000,-220839
1059678,1.542969,1.593750,9.382813,0.000000,0.000000,0.000000,-220656
1059733,1.503906,1.593750,9.382813,0.000000,0.000000,0.000000,-220818
1059783,1.503906,1.632813,9.382813,0.000000,0.000000,0.000000,-220793
1059835,1.542969,1.593750,9.382813,0.000000,0.000000,0.000000,-220902
1059885,1.542969,1.593750,9.382813,0.000000,0.000000,0.000000,-220787
1059938,1.542969,1.593750,9.417969,0.000000,0.000000,0.000000,-220771
1059988,1.542969,1.554688,9.453125,0.000000,0.000000,0.000000,-220809
1060042,1.503906,1.554688,9.414063,0.000000,0.000000,0.000000,-220735
1060094,1.542969,1.593750,9.417969,0.000000,0.000000,0.000000,-220845
1060144,1.503906,1.593750,9.417969,0.000000,0.000000,0.000000,-220810
1060197,1.503906,1.593750,9.417969,0.000000,0.000000,0.000000,-220804
1060247,1.503906,1.593750,9.417969,0.000000,0.000000,0.000000,-220855
1060301,1.542969,1.593750,9.417969,0.000000,0.000000,0.000000,-220754
1060354,1.503906,1.554688,9.386719,0.000000,0.000000,0.000000,-220890
1060404,1.542969,1.632813,9.417969,0.000000,0.000000,0.000000,-220832
1060456,1.503906,1.554688,9.414063,0.000000,0.000000,0.000000,-220890
1060506,1.542969,1.593750,9.417969,0.000000,0.000000,0.000000,-220735
1060558,1.542969,1.554688,9.414063,0.000000,0.000000,0.000000,-220717
1060608,1.503906,1.554688,9.414063,0.000000,0.000000,0.000000,-220795
1060658,1.503906,1.593750,9.417969,0.000000,0.000000,0.000000,-220814
1060708,1.503906,1.593750,9.382813,0.000000,0.000000,0.000000,-220682
1060758,1.542969,1.593750,9.417969,0.000000,0.000000,0.000000,-220844
1060812,1.542969,1.632813,9.382813,0.000000,0.000000,0.000000,-220772
1060862,1.503906,1.593750,9.382813,0.000000,0.000000,0.000000,-220786
1060914,1.503906,1.593750,9.382813,0.000000,0.000000,0.000000,-220785
1060964,1.503906,1.593750,9.382813,0.000000,0.000000,0.000000,-220787
1061014,1.542969,1.554688,9.386719,0.000000,0.000000,0.000000,-220740
1061065,1.503906,1.593750,9.417969,0.000000,0.000000,0.000000,-220817
1061118,1.503906,1.554688,9.414063,0.000000,0.000000,0.000000,-220723
1061168,1.503906,1.554688,9.414063,0.000000,0.000000,0.000000,-220805
1061219,1.503906,1.593750,9.417969,0.000000,0.000000,0.000000,-220774
1061274,1.503906,1.593750,9.417969,0.000000,0.000000,0.000000,-220832
1061324,1.503906,1.593750,9.382813,0.000000,0.000000,0.000000,-220879
1061377,1.503906,1.593750,9.382813,0.000000,0.000000,0.000000,-220910
1061427,1.542969,1.593750,9.382813,0.000000,0.000000,0.000000,-220842
1061478,1.503906,1.554688,9.414063,0.000000,0.000000,0.000000,-220819
1061528,1.503906,1.593750,9.382813,0.000000,0.000000,0.000000,-220836
1061578,1.503906,1.593750,9.382813,0.000000,0.000000,0.000000,-220905
1061629,1.542969,1.593750,9.417969,0.000000,0.000000,0.000000,-220898
1061679,1.542969,1.593750,9.417969,0.000000,0.000000,0.000000,-220903
1061733,1.503906,1.593750,9.417969,0.000000,0.000000,0.000000,-220720
1061784,1.503906,1.554688,9.414063,0.000000,0.000000,0.000000,-220897
1061835,1.503906,1.593750,9.417969,0.000000,0.000000,0.000000,-220705
1061887,1.542969,1.593750,9.382813,0.000000,0.000000,0.000000,-220835
1061937,1.542969,1.593750,9.382813,0.000000,0.000000,0.000000,-220814
1061992,1.542969,1.593750,9.382813,0.000000,0.000000,0.000000,-220823
1062045,1.542969,1.593750,9.382813,0.000000,0.000000,0.000000,-220794
1062095,1.503906,1.593750,9.382813,0.000000,0.000000,0.000000,-220706
1062147,1.503906,1.593750,9.417969,0.000000,0.000000,0.000000,-220833
1062197,1.503906,1.554688,9.386719,0.000000,0.000000,0.000000,-220732
1062249,1.503906,1.593750,9.382813,0.000000,0.000000,0.000000,-220783
1062299,1.503906,1.593750,9.417969,0.000000,0.000000,0.000000,-220880
1062349,1.503906,1.554688,9.414063,0.000000,0.000000,0.000000,-220798
1062399,1.503906,1.593750,9.417969,0.000000,0.000000,0.000000,-220713
1062449,1.503906,1.593750,9.417969,0.000000,0.000000,0.000000,-220833
1062503,1.542969,1.593750,9.417969,0.000000,0.000000,0.000000,-220729
1062556,1.542969,1.554688,9.414063,0.000000,0.000000,0.000000,-220882
1062606,1.542969,1.593750,9.382813,0.000000,0.000000,0.000000,-220814
1062659,1.503906,1.554688,9.386719,0.000000,0.000000,0.000000,-220715
1062709,1.542969,1.554688,9.414063,0.000000,0.000000,0.000000,-220860
1062760,1.503906,1.593750,9.417969,0.000000,0.000000,0.000000,-220735
1062810,1.503906,1.593750,9.417969,0.000000,0.000000,0.000000,-220668
1062860,1.503906,1.593750,9.417969,0.000000,0.000000,0.000000,-220782
1062910,1.503906,1.593750,9.417969,0.000000,0.000000,0.000000,-220804
1062960,1.542969,1.554688,9.414063,0.000000,0.000000,0.000000,-220837
1063010,1.503906,1.593750,9.382813,0.000000,0.000000,0.000000,-220775
1063060,1.503906,1.593750,9.382813,0.000000,0.000000,0.000000,-220699
1063110,1.503906,1.632813,9.382813,0.000000,0.000000,0.000000,-220764
1063164,1.503906,1.593750,9.417969,0.000000,0.000000,0.000000,-220917
1063216,1.503906,1.593750,9.417969,0.000000,0.000000,0.000000,-220686
1063266,1.542969,1.593750,9.417969,0.000000,0.000000,0.000000,-220762
1063320,1.542969,1.593750,9.417969,0.000000,0.000000,0.000000,-220778
1063370,1.503906,1.593750,9.417969,0.000000,0.000000,0.000000,-220753
1063421,1.503906,1.593750,9.417969,0.000000,0.000000,0.000000,-220863
1063476,1.503906,1.593750,9.417969,0.000000,0.000000,0.000000,-220797
1063527,1.503906,1.593750,9.417969,0.000000,0.000000,0.000000,-220752
1063578,1.503906,1.593750,9.382813,0.000000,0.000000,0.000000,-220694
1063628,1.542969,1.554688,9.414063,0.000000,0.000000,0.000000,-220867
1063680,1.503906,1.593750,9.382813,0.000000,0.000000,0.000000,-220696
1063730,1.503906,1.593750,9.382813,0.000000,0.000000,0.000000,-220796
1063780,1.503906,1.593750,9.417969,0.000000,0.000000,0.000000,-220835
1063830,1.503906,1.593750,9.382813,0.000000,0.000000,0.000000,-220705
1063880,1.503906,1.554688,9.414063,0.000000,0.000000,0.000000,-220664
1063934,1.503906,1.554688,9.414063,0.000000,0.000000,0.000000,-220717
1063984,1.503906,1.554688,9.386719,0.000000,0.000000,0.000000,-220914
1064037,1.542969,1.554688,9.414063,0.000000,0.000000,0.000000,-220866
1064090,1.503906,1.632813,9.343750,0.000000,0.000000,0.000000,-220782
1064140,1.542969,1.632813,9.382813,0.000000,0.000000,0.000000,-220871
1064192,1.503906,1.593750,9.382813,0.000000,0.000000,0.000000,-220705
1064246,1.542969,1.593750,9.382813,0.000000,0.000000,0.000000,-220767
1064297,1.503906,1.593750,9.417969,0.000000,0.000000,0.000000,-220828
1064349,1.503906,1.554688,9.386719,0.000000,0.000000,0.000000,-220807
1064399,1.503906,1.554688,9.386719,0.000000,0.000000,0.000000,-220757
1064451,1.503906,1.554688,9.414063,0.000000,0.000000,0.000000,-220670
1064501,1.503906,1.554688,9.414063,0.000000,0.000000,0.000000,-220855
1064551,1.542969,1.593750,9.417969,0.000000,0.000000,0.000000,-220824
1064601,1.503906,1.593750,9.417969,0.000000,0.000000,0.000000,-220790
1064651,1.503906,1.593750,9.417969,0.000000,0.000000,0.000000,-220867
1064701,1.503906,1.593750,9.382813,0.000000,0.000000,0.000000,-220799
1064751,1.503906,1.593750,9.382813,0.000000,0.000000,0.000000,-220733
1064801,1.503906,1.593750,9.417969,0.000000,0.000000,0.000000,-220795
1064854,1.503906,1.593750,9.382813,0.000000,0.000000,0.000000,-220906
1064906,1.503906,1.593750,9.382813,0.000000,0.000000,0.000000,-220769
1064958,1.503906,1.593750,9.382813,0.000000,0.000000,0.000000,-220805
1065010,1.503906,1.554688,9.414063,0.000000,0.000000,0.000000,-220805
1065060,1.503906,1.554688,9.414063,0.000000,0.000000,0.000000,-220813
1065112,1.503906,1.554688,9.386719,0.000000,0.000000,0.000000,-220656
1065162,1.503906,1.554688,9.414063,0.000000,0.000000,0.000000,-220798
1065212,1.542969,1.593750,9.382813,0.000000,0.000000,0.000000,-220765
1065262,1.503906,1.593750,9.417969,0.000000,0.000000,0.000000,-220933
1065312,1.503906,1.593750,9.417969,0.000000,0.000000,0.000000,-220756
1065366,1.542969,1.593750,9.382813,0.000000,0.000000,0.000000,-220796
1065418,1.542969,1.593750,9.417969,0.000000,0.000000,0.000000,-220856
1065469,1.542969,1.593750,9.382813,0.000000,0.000000,0.000000,-220729
1065521,1.542969,1.554688,9.414063,0.000000,0.000000,0.000000,-220700
1065571,1.542969,1.593750,9.417969,0.000000,0.000000,0.000000,-220675
1065622,1.503906,1.593750,9.382813,0.000000,0.000000,0.000000,-220717
1065672,1.503906,1.593750,9.417969,0.000000,0.000000,0.000000,-220910
1065722,1.503906,1.554688,9.414063,0.000000,0.000000,0.000000,-220793
1065776,1.503906,1.554688,9.414063,0.000000,0.000000,0.000000,-220856
1065828,1.542969,1.593750,9.382813,0.000000,0.000000,0.000000,-220834
1065878,1.542969,1.593750,9.417969,0.000000,0.000000,0.000000,-220757
1065930,1.503906,1.554688,9.386719,0.000000,0.000000,0.000000,-220675
1065980,1.542969,1.632813,9.382813,0.000000,0.000000,0.000000,-220724
1066033,1.542969,1.593750,9.417969,0.000000,0.000000,0.000000,-220823
1066083,1.542969,1.593750,9.382813,0.000000,0.000000,0.000000,-220833
1066137,1.503906,1.593750,9.457031,0.000000,0.000000,0.000000,-220799
1066189,1.503906,1.593750,9.417969,0.000000,0.000000,0.000000,-220784
1066239,1.503906,1.593750,9.417969,0.000000,0.000000,0.000000,-220753
1066289,1.542969,1.554688,9.414063,0.000000,0.000000,0.000000,-220673
1066339,1.503906,1.554688,9.386719,0.000000,0.000000,0.000000,-220803
1066390,1.542969,1.593750,9.417969,0.000000,0.000000,0.000000,-220846
1066441,1.503906,1.593750,9.417969,0.000000,0.000000,0.000000,-220838
1066491,1.542969,1.593750,9.382813,0.000000,0.000000,0.000000,-220721
1066543,1.503906,1.593750,9.382813,0.000000,0.000000,0.000000,-220733
1066593,1.503906,1.593750,9.382813,0.000000,0.000000,0.000000,-220723
1066643,1.503906,1.593750,9.382813,0.000000,0.000000,0.000000,-220729
1066693,1.503906,1.593750,9.417969,0.000000,0.000000,0.000000,-220746
1066743,1.503906,1.593750,9.417969,0.000000,0.000000,0.000000,-220766
1066793,1.503906,1.593750,9.417969,0.000000,0.000000,0.000000,-220673
1066843,1.503906,1.554688,9.414063,0.000000,0.000000,0.000000,-220760
1066893,1.542969,1.554688,9.414063,0.000000,0.000000,0.000000,-220746
1066948,1.542969,1.593750,9.417969,0.000000,0.000000,0.000000,-220661
1066998,1.503906,1.593750,9.417969,0.000000,0.000000,0.000000,-220746
1067049,1.542969,1.593750,9.382813,0.000000,0.000000,0.000000,-220764
1067103,1.503906,1.593750,9.382813,0.000000,0.000000,0.000000,-220682
1067153,1.503906,1.593750,9.382813,0.000000,0.000000,0.000000,-220686
1067207,1.503906,1.593750,9.382813,0.000000,0.000000,0.000000,-220655
1067259,1.503906,1.593750,9.382813,0.000000,0.000000,0.000000,-220733
1067310,1.542969,1.554688,9.414063,0.000000,0.000000,0.000000,-220724
1067361,1.503906,1.554688,9.414063,0.000000,0.000000,0.000000,-220921
1067411,1.503906,1.593750,9.417969,0.000000,0.000000,0.000000,-220643
1067464,1.503906,1.554688,9.414063,0.000000,0.000000,0.000000,-220768
1067518,1.503906,1.593750,9.417969,0.000000,0.000000,0.000000,-220727
1067570,1.542969,1.593750,9.382813,0.000000,0.000000,0.000000,-220629
1067620,1.542969,1.632813,9.382813,0.000000,0.000000,0.000000,-220851
1067670,1.503906,1.593750,9.382813,0.000000,0.000000,0.000000,-220717
1067720,1.542969,1.593750,9.382813,0.000000,0.000000,0.000000,-220726
1067770,1.503906,1.554688,9.386719,0.000000,0.000000,0.000000,-220823
1067821,1.503906,1.593750,9.417969,0.000000,0.000000,0.000000,-220824
1067873,1.503906,1.593750,9.417969,0.000000,0.000000,0.000000,-220661
1067923,1.503906,1.593750,9.382813,0.000000,0.000000,0.000000,-220784
1067978,1.503906,1.593750,9.417969,0.000000,0.000000,0.000000,-220718
1068030,1.542969,1.593750,9.382813,0.000000,0.000000,0.000000,-220731
1068080,1.503906,1.632813,9.382813,0.000000,0.000000,0.000000,-220820
1068132,1.503906,1.593750,9.382813,0.000000,0.000000,0.000000,-220701
1068182,1.503906,1.593750,9.382813,0.000000,0.000000,0.000000,-220785
1068234,1.503906,1.593750,9.417969,0.000000,0.000000,0.000000,-220855
1068284,1.503906,1.593750,9.417969,0.000000,0.000000,0.000000,-220748
1068334,1.503906,1.593750,9.417969,0.000000,0.000000,0.000000,-220820
1068384,1.503906,1.593750,9.417969,0.000000,0.000000,0.000000,-220727
1068434,1.542969,1.554688,9.414063,0.000000,0.000000,0.000000,-220668
1068484,1.503906,1.554688,9.414063,0.000000,0.000000,0.000000,-220784
1068534,1.503906,1.593750,9.417969,0.000000,0.000000,0.000000,-220684
1068584,1.503906,1.554688,9.414063,0.000000,0.000000,0.000000,-220816
1068638,1.503906,1.593750,9.417969,0.000000,0.000000,0.000000,-220874
1068689,1.542969,1.593750,9.382813,0.000000,0.000000,0.000000,-220827
1068741,1.503906,1.593750,9.382813,0.000000,0.000000,0.000000,-220823
1068793,1.503906,1.593750,9.382813,0.000000,0.000000,0.000000,-220750
1068843,1.542969,1.593750,9.382813,0.000000,0.000000,0.000000,-220945
1068897,1.503906,1.593750,9.417969,0.000000,0.000000,0.000000,-220723
1068951,1.503906,1.554688,9.386719,0.000000,0.000000,0.000000,-220687
1069001,1.503906,1.554688,9.414063,0.000000,0.000000,0.000000,-220751
1069052,1.503906,1.593750,9.417969,0.000000,0.000000,0.000000,-220750
1069102,1.503906,1.554688,9.414063,0.000000,0.000000,0.000000,-220703
1069155,1.503906,1.593750,9.382813,0.000000,0.000000,0.000000,-220631
1069205,1.503906,1.593750,9.417969,0.000000,0.000000,0.000000,-220711
1069255,1.503906,1.593750,9.382813,0.000000,0.000000,0.000000,-220743
1069305,1.503906,1.593750,9.382813,0.000000,0.000000,0.000000,-220680
1069355,1.503906,1.593750,9.382813,0.000000,0.000000,0.000000,-220726
1069408,1.503906,1.593750,9.382813,0.000000,0.000000,0.000000,-220773
1069458,1.503906,1.593750,9.417969,0.000000,0.000000,0.000000,-220690
1069511,1.503906,1.593750,9.417969,0.000000,0.000000,0.000000,-220806
1069564,1.503906,1.554688,9.414063,0.000000,0.000000,0.000000,-220801
1069614,1.503906,1.593750,9.417969,0.000000,0.000000,0.000000,-220753
1069665,1.542969,1.593750,9.417969,0.000000,0.000000,0.000000,-220797
1069715,1.503906,1.554688,9.386719,0.000000,0.000000,0.000000,-220721
1069765,1.503906,1.593750,9.382813,0.000000,0.000000,0.000000,-220751
1069815,1.503906,1.593750,9.382813,0.000000,0.000000,0.000000,-220746
1069865,1.542969,1.593750,9.382813,0.000000,0.000000,0.000000,-220698
1069915,1.503906,1.593750,9.382813,0.000000,0.000000,0.000000,-220711
1069965,1.542969,1.593750,9.382813,0.000000,0.000000,0.000000,-220671
1070015,1.542969,1.593750,9.382813,0.000000,0.000000,0.000000,-220685
1070069,1.503906,1.593750,9.417969,0.000000,0.000000,0.000000,-220712
1070121,1.503906,1.554688,9.414063,0.000000,0.000000,0.000000,-220758
1070172,1.503906,1.593750,9.417969,0.000000,0.000000,0.000000,-220822
1070225,1.542969,1.593750,9.417969,0.000000,0.000000,0.000000,-220590
1070275,1.542969,1.554688,9.414063,0.000000,0.000000,0.000000,-220781
1070328,1.542969,1.593750,9.382813,0.000000,0.000000,0.000000,-220724
1070381,1.503906,1.593750,9.417969,0.000000,0.000000,0.000000,-220675
1070432,1.542969,1.593750,9.382813,0.000000,0.000000,0.000000,-220789
1070485,1.503906,1.593750,9.417969,0.000000,0.000000,0.000000,-220710
1070535,1.503906,1.593750,9.382813,0.000000,0.000000,0.000000,-220805
1070586,1.503906,1.554688,9.453125,0.000000,0.000000,0.000000,-220743
1070636,1.503906,1.593750,9.417969,0.000000,0.000000,0.000000,-220706
1070686,1.503906,1.593750,9.417969,0.000000,0.000000,0.000000,-220658
1070739,1.503906,1.554688,9.414063,0.000000,0.000000,0.000000,-220703
1070792,1.542969,1.593750,9.417969,0.000000,0.000000,0.000000,-220807
1070842,1.503906,1.554688,9.414063,0.000000,0.000000,0.000000,-220782
1070893,1.542969,1.593750,9.382813,0.000000,0.000000,0.000000,-220706
1070943,1.542969,1.593750,9.382813,0.000000,0.000000,0.000000,-220760
1070995,1.503906,1.593750,9.343750,0.000000,0.000000,0.000000,-220758
1071045,1.542969,1.593750,9.382813,0.000000,0.000000,0.000000,-220725
1071100,1.542969,1.593750,9.382813,0.000000,0.000000,0.000000,-220852
1071151,1.542969,1.554688,9.414063,0.000000,0.000000,0.000000,-220802
1071203,1.503906,1.554688,9.414063,0.000000,0.000000,0.000000,-220844
1071255,1.503906,1.554688,9.414063,0.000000,0.000000,0.000000,-220701
1071305,1.503906,1.593750,9.417969,0.000000,0.000000,0.000000,-220737
1071360,1.503906,1.554688,9.414063,0.000000,0.000000,0.000000,-220709
1071413,1.503906,1.593750,9.382813,0.000000,0.000000,0.000000,-220644
1071464,1.542969,1.593750,9.382813,0.000000,0.000000,0.000000,-220808
1071516,1.542969,1.593750,9.343750,0.000000,0.000000,0.000000,-220766
1071566,1.542969,1.593750,9.417969,0.000000,0.000000,0.000000,-220869
1071616,1.503906,1.554688,9.414063,0.000000,0.000000,0.000000,-220696
1071666,1.542969,1.593750,9.417969,0.000000,0.000000,0.000000,-220786
1071716,1.503906,1.593750,9.417969,0.000000,0.000000,0.000000,-220703
1071767,1.542969,1.593750,9.382813,0.000000,0.000000,0.000000,-220617
1071817,1.542969,1.593750,9.417969,0.000000,0.000000,0.000000,-220774
1071872,1.503906,1.593750,9.382813,0.000000,0.000000,0.000000,-220708
1071924,1.503906,1.593750,9.382813,0.000000,0.000000,0.000000,-220700
1071974,1.503906,1.593750,9.382813,0.000000,0.000000,0.000000,-220800
1072026,1.542969,1.593750,9.382813,0.000000,0.000000,0.000000,-220845
1072076,1.503906,1.593750,9.382813,0.000000,0.000000,0.000000,-220658
1072128,1.542969,1.593750,9.382813,0.000000,0.000000,0.000000,-220652
1072183,1.503906,1.554688,9.414063,0.000000,0.000000,0.000000,-220727
1072233,1.542969,1.593750,9.382813,0.000000,0.000000,0.000000,-220697
1072285,1.503906,1.593750,9.417969,0.000000,0.000000,0.000000,-220696
1072336,1.503906,1.593750,9.417969,0.000000,0.000000,0.000000,-220675
1072388,1.503906,1.593750,9.417969,0.000000,0.000000,0.000000,-220738
1072444,1.503906,1.593750,9.417969,0.000000,0.000000,0.000000,-220594
1072497,1.503906,1.593750,9.382813,0.000000,0.000000,0.000000,-220694
1072547,1.503906,1.593750,9.382813,0.000000,0.000000,0.000000,-220662
1072597,1.503906,1.593750,9.382813,0.000000,0.000000,0.000000,-220740
1072647,1.503906,1.593750,9.417969,0.000000,0.000000,0.000000,-220779
1072697,1.542969,1.593750,9.417969,0.000000,0.000000,0.000000,-220728
1072747,1.503906,1.593750,9.382813,0.000000,0.000000,0.000000,-220749
1072797,1.542969,1.554688,9.386719,0.000000,0.000000,0.000000,-220694
1072847,1.503906,1.593750,9.417969,0.000000,0.000000,0.000000,-220704
1072901,1.503906,1.554688,9.414063,0.000000,0.000000,0.000000,-220736
1072953,1.503906,1.593750,9.417969,0.000000,0.000000,0.000000,-220697
1073003,1.503906,1.593750,9.382813,0.000000,0.000000,0.000000,-220644
1073056,1.503906,1.593750,9.382813,0.000000,0.000000,0.000000,-220657
1073106,1.503906,1.593750,9.417969,0.000000,0.000000,0.000000,-220631
1073162,1.503906,1.593750,9.382813,0.000000,0.000000,0.000000,-220726
1073213,1.542969,1.593750,9.417969,0.000000,0.000000,0.000000,-220751
1073264,1.503906,1.593750,9.417969,0.000000,0.000000,0.000000,-220721
1073316,1.542969,1.593750,9.417969,0.000000,0.000000,0.000000,-220726
1073366,1.503906,1.593750,9.417969,0.000000,0.000000,0.000000,-220757
1073418,1.503906,1.593750,9.382813,0.000000,0.000000,0.000000,-220763
1073468,1.503906,1.554688,9.414063,0.000000,0.000000,0.000000,-220769
1073518,1.503906,1.554688,9.386719,0.000000,0.000000,0.000000,-220762
1073568,1.503906,1.593750,9.417969,0.000000,0.000000,0.000000,-220751
1073618,1.503906,1.593750,9.382813,0.000000,0.000000,0.000000,-220726
1073673,1.542969,1.593750,9.382813,0.000000,0.000000,0.000000,-220584
1073724,1.503906,1.593750,9.417969,0.000000,0.000000,0.000000,-220747
1073775,1.503906,1.593750,9.417969,0.000000,0.000000,0.000000,-220733
1073828,1.542969,1.554688,9.414063,0.000000,0.000000,0.000000,-220771
1073878,1.503906,1.554688,9.414063,0.000000,0.000000,0.000000,-220729
1073929,1.503906,1.593750,9.417969,0.000000,0.000000,0.000000,-220754
1073983,1.542969,1.554688,9.386719,0.000000,0.000000,0.000000,-220732
1074034,1.542969,1.593750,9.417969,0.000000,0.000000,0.000000,-220611
1074086,1.503906,1.593750,9.382813,0.000000,0.000000,0.000000,-220696
1074136,1.503906,1.632813,9.382813,0.000000,0.000000,0.000000,-220798
1074188,1.542969,1.593750,9.382813,0.000000,0.000000,0.000000,-220714
1074238,1.503906,1.593750,9.417969,0.000000,0.000000,0.000000,-220687
1074288,1.503906,1.593750,9.417969,0.000000,0.000000,0.000000,-220632
1074338,1.503906,1.593750,9.417969,0.000000,0.000000,0.000000,-220561
1074388,1.542969,1.593750,9.382813,0.000000,0.000000,0.000000,-220634
1074438,1.503906,1.593750,9.382813,0.000000,0.000000,0.000000,-220607
1074488,1.503906,1.593750,9.382813,0.000000,0.000000,0.000000,-220606
1074538,1.503906,1.554688,9.453125,0.000000,0.000000,0.000000,-220644
1074593,1.503906,1.554688,9.414063,0.000000,0.000000,0.000000,-220633
1074645,1.542969,1.593750,9.382813,0.000000,0.000000,0.000000,-220638
1074695,1.503906,1.593750,9.382813,0.000000,0.000000,0.000000,-220642
1074747,1.503906,1.593750,9.382813,0.000000,0.000000,0.000000,-220681
1074797,1.542969,1.593750,9.417969,0.000000,0.000000,0.000000,-220674
1074849,1.542969,1.593750,9.382813,0.000000,0.000000,0.000000,-220743
1074899,1.542969,1.593750,9.382813,0.000000,0.000000,0.000000,-220714
1074949,1.542969,1.593750,9.382813,0.000000,0.000000,0.000000,-220763
1075000,1.503906,1.554688,9.414063,0.000000,0.000000,0.000000,-220712
1075050,1.503906,1.593750,9.382813,0.000000,0.000000,0.000000,-220719
1075104,1.464844,1.593750,9.382813,0.000000,0.000000,0.000000,-220681
1075157,1.503906,1.593750,9.382813,0.000000,0.000000,0.000000,-220751
1075207,1.503906,1.554688,9.414063,0.000000,0.000000,0.000000,-220835
1075259,1.542969,1.593750,9.382813,0.000000,0.000000,0.000000,-220792
1075309,1.542969,1.632813,9.382813,0.000000,0.000000,0.000000,-220789
1075363,1.542969,1.593750,9.382813,0.000000,0.000000,0.000000,-220778
1075416,1.503906,1.554688,9.414063,0.000000,0.000000,0.000000,-220736
1075466,1.503906,1.593750,9.417969,0.000000,0.000000,0.000000,-220752
1075517,1.503906,1.554688,9.414063,0.000000,0.000000,0.000000,-220793
1075567,1.503906,1.554688,9.453125,0.000000,0.000000,0.000000,-220767
1075617,1.503906,1.593750,9.417969,0.000000,0.000000,0.000000,-220819
1075668,1.503906,1.593750,9.382813,0.000000,0.000000,0.000000,-220794
1075718,1.621094,1.593750,9.382813,0.048828,-0.011719,0.023437,-220694
1075770,1.503906,1.593750,9.417969,0.009766,0.027344,0.000000,-220592
1075820,1.542969,1.632813,9.343750,0.015625,0.015625,0.000000,-220674
1075870,1.542969,1.593750,9.382813,0.031250,-0.009766,0.009766,-220703
1075920,1.542969,1.554688,9.386719,0.017578,0.005859,0.007813,-220677
1075970,1.503906,1.632813,9.417969,0.007813,0.009766,0.000000,-220702
1076024,1.503906,1.593750,9.382813,-0.019531,-0.001953,-0.003906,-220688
1076076,1.542969,1.554688,9.414063,-0.017578,-0.007813,-0.001953,-220655
1076126,1.503906,1.593750,9.417969,-0.011719,-0.003906,-0.001953,-220657
1076176,1.503906,1.554688,9.414063,-0.011719,0.001953,-0.001953,-220668
1076226,1.503906,1.593750,9.417969,-0.005859,-0.001953,0.000000,-220640
1076276,1.503906,1.593750,9.417969,0.003906,-0.001953,-0.001953,-220610
1076328,1.542969,1.593750,9.417969,0.005859,0.005859,0.003906,-220634
1076378,1.503906,1.593750,9.382813,0.013672,0.009766,0.003906,-220542
1076431,1.542969,1.593750,9.382813,0.019531,0.007813,0.003906,-220682
1076485,1.542969,1.593750,9.382813,-0.003906,-0.005859,-0.001953,-220651
1076535,1.542969,1.593750,9.382813,-0.009766,-0.007813,-0.003906,-220636
1076588,1.503906,1.593750,9.417969,-0.017578,-0.003906,-0.001953,-220677
1076638,1.503906,1.554688,9.414063,-0.015625,-0.005859,-0.003906,-220653
1076690,1.503906,1.554688,9.414063,-0.017578,-0.003906,-0.001953,-220625
1076740,1.503906,1.593750,9.417969,-0.009766,-0.003906,-0.003906,-220635
1076793,1.503906,1.554688,9.414063,0.013672,0.007813,0.001953,-220564
1076847,1.542969,1.593750,9.417969,0.013672,0.009766,0.003906,-220564
1076898,1.542969,1.593750,9.382813,0.011719,0.005859,0.005859,-220718
1076951,1.503906,1.593750,9.382813,0.013672,0.000000,0.003906,-220693
1077001,1.542969,1.632813,9.343750,0.011719,-0.001953,0.001953,-220696
1077054,1.503906,1.593750,9.417969,-0.015625,-0.007813,-0.003906,-220731
1077107,1.503906,1.593750,9.417969,-0.019531,-0.003906,-0.001953,-220647
1077157,1.503906,1.554688,9.414063,-0.011719,-0.003906,-0.001953,-220601
1077208,1.503906,1.593750,9.417969,-0.007813,-0.005859,0.000000,-220626
1077258,1.542969,1.554688,9.414063,0.000000,0.000000,0.000000,-220639
1077311,1.542969,1.554688,9.386719,0.000000,0.000000,0.000000,-220616
1077361,1.503906,1.554688,9.386719,0.000000,0.000000,0.000000,-220723
1077411,1.503906,1.554688,9.386719,0.000000,0.000000,0.000000,-220649
1077461,1.542969,1.593750,9.382813,0.000000,0.000000,0.000000,-220687
1077511,1.503906,1.593750,9.417969,0.000000,0.000000,0.000000,-220648
1077565,1.503906,1.593750,9.382813,0.000000,0.000000,0.000000,-220686
1077617,1.503906,1.593750,9.417969,0.000000,0.000000,0.000000,-220650
1077667,1.503906,1.593750,9.417969,0.000000,0.000000,0.000000,-220692
1077720,1.503906,1.554688,9.414063,0.000000,0.000000,0.000000,-220640
1077770,1.542969,1.554688,9.453125,0.000000,0.000000,0.000000,-220705
1077821,1.503906,1.554688,9.414063,0.000000,0.000000,0.000000,-220599
1077871,1.503906,1.593750,9.417969,0.000000,0.000000,0.000000,-220630
1077921,1.503906,1.554688,9.386719,0.000000,0.000000,0.000000,-220658
1077972,1.542969,1.593750,9.382813,0.000000,0.000000,0.000000,-220637
1078022,1.542969,1.593750,9.382813,0.000000,0.000000,0.000000,-220669
1078072,1.542969,1.593750,9.417969,0.000000,0.000000,0.000000,-220596
1078122,1.542969,1.593750,9.382813,0.000000,0.000000,0.000000,-220661
1078172,1.503906,1.593750,9.382813,0.000000,0.000000,0.000000,-220640
1078227,1.503906,1.593750,9.382813,0.000000,0.000000,0.000000,-220618
1078279,1.503906,1.593750,9.417969,0.000000,0.000000,0.000000,-220640
1078329,1.503906,1.593750,9.457031,0.000000,0.000000,0.000000,-220720
1078381,1.503906,1.593750,9.382813,0.000000,0.000000,0.000000,-220661
1078431,1.503906,1.593750,9.417969,0.000000,0.000000,0.000000,-220537
1078485,1.503906,1.593750,9.382813,0.000000,0.000000,0.000000,-220593
1078538,1.503906,1.593750,9.382813,0.000000,0.000000,0.000000,-220728
1078588,1.503906,1.593750,9.382813,0.000000,0.000000,0.000000,-220644
1078641,1.503906,1.632813,9.382813,0.000000,0.000000,0.000000,-220690
1078691,1.503906,1.593750,9.417969,0.000000,0.000000,0.000000,-220602
1078743,1.542969,1.593750,9.417969,0.000000,0.000000,0.000000,-220607
1078798,1.542969,1.554688,9.414063,0.000000,0.000000,0.000000,-220577
1078848,1.503906,1.593750,9.382813,0.000000,0.000000,0.000000,-220522
1078899,1.542969,1.593750,9.417969,0.000000,0.000000,0.000000,-220612
1078949,1.503906,1.593750,9.417969,0.000000,0.000000,0.000000,-220633
1079002,1.503906,1.593750,9.382813,0.000000,0.000000,0.000000,-220626
1079052,1.542969,1.593750,9.382813,0.000000,0.000000,0.000000,-220734
1079102,1.542969,1.593750,9.382813,0.000000,0.000000,0.000000,-220572
1079152,1.503906,1.593750,9.382813,0.000000,0.000000,0.000000,-220604
1079202,1.503906,1.593750,9.343750,0.000000,0.000000,0.000000,-220591
1079255,1.503906,1.593750,9.417969,0.000000,0.000000,0.000000,-220549
1079309,1.503906,1.593750,9.417969,0.000000,0.000000,0.000000,-220606
1079359,1.503906,1.593750,9.417969,0.000000,0.000000,0.000000,-220637
1079411,1.503906,1.593750,9.417969,0.000000,0.000000,0.000000,-220651
1079461,1.503906,1.593750,9.417969,0.000000,0.000000,0.000000,-220566
1079513,1.503906,1.554688,9.414063,0.000000,0.000000,0.000000,-220682
1079563,1.503906,1.593750,9.382813,0.000000,0.000000,0.000000,-220401
1079613,1.542969,1.593750,9.417969,0.000000,0.000000,0.000000,-220609
1079663,1.542969,1.593750,9.382813,0.000000,0.000000,0.000000,-220539
1079713,1.503906,1.593750,9.417969,0.000000,0.000000,0.000000,-220538
1079763,1.503906,1.593750,9.343750,0.000000,0.000000,0.000000,-220601
1079813,1.503906,1.593750,9.382813,0.000000,0.000000,0.000000,-220489
1079863,1.503906,1.593750,9.382813,0.000000,0.000000,0.000000,-220654
1079918,1.503906,1.593750,9.457031,0.000000,0.000000,0.000000,-220613
1079969,1.503906,1.593750,9.457031,0.000000,0.000000,0.000000,-220558
1080020,1.503906,1.554688,9.414063,0.000000,0.000000,0.000000,-220624
1080072,1.503906,1.593750,9.417969,0.000000,0.000000,0.000000,-220675
1080122,1.503906,1.554688,9.414063,0.000000,0.000000,0.000000,-220595
1080173,1.542969,1.593750,9.382813,0.000000,0.000000,0.000000,-220574
1080223,1.542969,1.593750,9.417969,0.000000,0.000000,0.000000,-220616
1080273,1.503906,1.593750,9.343750,0.000000,0.000000,0.000000,-220678
1080323,1.542969,1.593750,9.382813,0.000000,0.000000,0.000000,-220589
1080373,1.503906,1.593750,9.382813,0.000000,0.000000,0.000000,-220556
1080423,1.542969,1.593750,9.382813,0.000000,0.000000,0.000000,-220583
1080473,1.503906,1.593750,9.382813,0.000000,0.000000,0.000000,-220732
1080523,1.503906,1.593750,9.417969,0.000000,0.000000,0.000000,-220666
1080573,1.542969,1.593750,9.417969,0.000000,0.000000,0.000000,-220620
1080623,1.542969,1.593750,9.417969,0.000000,0.000000,0.000000,-220622
1080673,1.503906,1.593750,9.417969,0.000000,0.000000,0.000000,-220536
1080727,1.503906,1.593750,9.417969,0.000000,0.000000,0.000000,-220617
1080780,1.542969,1.593750,9.382813,0.000000,0.000000,0.000000,-220524
1080830,1.503906,1.593750,9.382813,0.000000,0.000000,0.000000,-220519
1080883,1.542969,1.593750,9.382813,0.000000,0.000000,0.000000,-220581
1080933,1.542969,1.593750,9.382813,0.000000,0.000000,0.000000,-220674
1080983,1.542969,1.554688,9.386719,0.000000,0.000000,0.000000,-220709
1081033,1.542969,1.593750,9.417969,0.000000,0.000000,0.000000,-220646
1081083,1.542969,1.593750,9.382813,0.000000,0.000000,0.000000,-220684
1081134,1.503906,1.593750,9.417969,0.000000,0.000000,0.000000,-220583
1081184,1.503906,1.593750,9.417969,0.000000,0.000000,0.000000,-220714
1081239,1.503906,1.593750,9.417969,0.000000,0.000000,0.000000,-220436
1081291,1.503906,1.593750,9.417969,0.000000,0.000000,0.000000,-220565
1081341,1.503906,1.593750,9.417969,0.000000,0.000000,0.000000,-220565
1081394,1.503906,1.593750,9.382813,0.000000,0.000000,0.000000,-220538
1081444,1.503906,1.593750,9.417969,0.000000,0.000000,0.000000,-220521
1081494,1.542969,1.593750,9.417969,0.000000,0.000000,0.000000,-220599
1081544,1.503906,1.554688,9.386719,0.000000,0.000000,0.000000,-220562
1081594,1.542969,1.593750,9.417969,0.000000,0.000000,0.000000,-220579
1081647,1.542969,1.632813,9.417969,0.000000,0.000000,0.000000,-220634
1081702,1.503906,1.593750,9.417969,0.000000,0.000000,0.000000,-220541
1081752,1.542969,1.593750,9.417969,0.000000,0.000000,0.000000,-220539
1081804,1.542969,1.593750,9.417969,0.000000,0.000000,0.000000,-220698
1081854,1.503906,1.554688,9.414063,0.000000,0.000000,0.000000,-220694
1081904,1.503906,1.554688,9.386719,0.000000,0.000000,0.000000,-220609
1081954,1.503906,1.593750,9.417969,0.000000,0.000000,0.000000,-220506
1082004,1.503906,1.593750,9.382813,0.000000,0.000000,0.000000,-220623
1082054,1.542969,1.593750,9.382813,0.000000,0.000000,0.000000,-220612
1082104,1.503906,1.593750,9.382813,0.000000,0.000000,0.000000,-220576
1082159,1.542969,1.593750,9.382813,0.000000,0.000000,0.000000,-220482
1082211,1.503906,1.593750,9.382813,0.000000,0.000000,0.000000,-220498
1082261,1.542969,1.593750,9.417969,0.000000,0.000000,0.000000,-220602
1082313,1.503906,1.593750,9.457031,0.000000,0.000000,0.000000,-220551
1082363,1.542969,1.593750,9.417969,0.000000,0.000000,0.000000,-220567
1082413,1.542969,1.593750,9.417969,0.000000,0.000000,0.000000,-220514
1082464,1.503906,1.554688,9.414063,0.000000,0.000000,0.000000,-220564
1082514,1.503906,1.593750,9.382813,0.000000,0.000000,0.000000,-220571
1082566,1.503906,1.593750,9.382813,0.000000,0.000000,0.000000,-220614
1082616,1.542969,1.593750,9.382813,0.000000,0.000000,0.000000,-220585
1082670,1.542969,1.593750,9.382813,0.000000,0.000000,0.000000,-220515
1082723,1.503906,1.593750,9.382813,0.000000,0.000000,0.000000,-220638
1082773,1.542969,1.593750,9.382813,0.000000,0.000000,0.000000,-220548
1082826,1.503906,1.593750,9.417969,0.000000,0.000000,0.000000,-220497
1082880,1.542969,1.593750,9.417969,0.000000,0.000000,0.000000,-220501
1082930,1.503906,1.554688,9.414063,0.000000,0.000000,0.000000,-220618
1082982,1.503906,1.554688,9.386719,0.000000,0.000000,0.000000,-220654
1083032,1.503906,1.593750,9.382813,0.000000,0.000000,0.000000,-220477
1083085,1.542969,1.593750,9.382813,0.000000,0.000000,0.000000,-220483
1083135,1.542969,1.593750,9.382813,0.000000,0.000000,0.000000,-220728
1083186,1.503906,1.593750,9.382813,0.000000,0.000000,0.000000,-220467
1083241,1.503906,1.554688,9.386719,0.000000,0.000000,0.000000,-220577
1083291,1.503906,1.554688,9.386719,0.000000,0.000000,0.000000,-220617
1083343,1.503906,1.593750,9.417969,0.000000,0.000000,0.000000,-220642
1083393,1.503906,1.554688,9.414063,0.000000,0.000000,0.000000,-220465
1083445,1.542969,1.593750,9.417969,0.000000,0.000000,0.000000,-220543
1083495,1.503906,1.554688,9.414063,0.000000,0.000000,0.000000,-220587
1083545,1.503906,1.593750,9.417969,0.000000,0.000000,0.000000,-220590
1083596,1.542969,1.593750,9.382813,0.000000,0.000000,0.000000,-220560
1083646,1.542969,1.593750,9.343750,0.000000,0.000000,0.000000,-220397
1083700,1.542969,1.593750,9.382813,0.000000,0.000000,0.000000,-220668
1083753,1.503906,1.593750,9.417969,0.000000,0.000000,0.000000,-220549
1083803,1.542969,1.593750,9.417969,0.000000,0.000000,0.000000,-220549
1083855,1.542969,1.554688,9.453125,0.000000,0.000000,0.000000,-220515
1083905,1.542969,1.554688,9.414063,0.000000,0.000000,0.000000,-220605
1083957,1.503906,1.554688,9.414063,0.000000,0.000000,0.000000,-220567
1084012,1.503906,1.593750,9.417969,0.000000,0.000000,0.000000,-220579
1084063,1.542969,1.593750,9.417969,0.000000,0.000000,0.000000,-220620
1084116,1.503906,1.593750,9.417969,0.000000,0.000000,0.000000,-220503
1084166,1.542969,1.593750,9.382813,0.000000,0.000000,0.000000,-220559
1084217,1.542969,1.593750,9.382813,0.000000,0.000000,0.000000,-220493
1084272,1.503906,1.593750,9.417969,0.000000,0.000000,0.000000,-220446
1084322,1.542969,1.593750,9.417969,0.000000,0.000000,0.000000,-220490
1084374,1.503906,1.554688,9.453125,0.000000,0.000000,0.000000,-220507
1084425,1.503906,1.593750,9.417969,0.000000,0.000000,0.000000,-220673
1084476,1.542969,1.554688,9.414063,0.000000,0.000000,0.000000,-220535
1084526,1.503906,1.554688,9.414063,0.000000,0.000000,0.000000,-220573
1084576,1.503906,1.593750,9.417969,0.000000,0.000000,0.000000,-220568
1084627,1.542969,1.593750,9.382813,0.000000,0.000000,0.000000,-220550
1084677,1.503906,1.593750,9.382813,0.000000,0.000000,0.000000,-220534
1084729,1.542969,1.593750,9.417969,0.000000,0.000000,0.000000,-220674
1084779,1.542969,1.593750,9.417969,0.000000,0.000000,0.000000,-220491
1084833,1.503906,1.593750,9.382813,0.000000,0.000000,0.000000,-220577
1084886,1.542969,1.554688,9.386719,0.000000,0.000000,0.000000,-220520
1084936,1.503906,1.593750,9.417969,0.000000,0.000000,0.000000,-220580
1084990,1.503906,1.593750,9.417969,0.000000,0.000000,0.000000,-220534
1085043,1.503906,1.593750,9.417969,0.000000,0.000000,0.000000,-220586
1085093,1.542969,1.554688,9.414063,0.000000,0.000000,0.000000,-220648
1085145,1.503906,1.593750,9.382813,0.000000,0.000000,0.000000,-220589
1085195,1.503906,1.593750,9.382813,0.000000,0.000000,0.000000,-220499
1085250,1.464844,1.593750,9.382813,0.000000,0.000000,0.000000,-220419
1085303,1.503906,1.593750,9.382813,0.000000,0.000000,0.000000,-220605
1085353,1.503906,1.593750,9.417969,0.000000,0.000000,0.000000,-220572
1085404,1.542969,1.554688,9.414063,0.000000,0.000000,0.000000,-220498
1085454,1.503906,1.593750,9.417969,0.000000,0.000000,0.000000,-220660
1085507,1.503906,1.593750,9.417969,0.000000,0.000000,0.000000,-220650
1085557,1.503906,1.593750,9.417969,0.000000,0.000000,0.000000,-220535
1085611,1.542969,1.554688,9.386719,0.000000,0.000000,0.000000,-220560
1085664,1.503906,1.593750,9.417969,0.000000,0.000000,0.000000,-220652
1085714,1.503906,1.593750,9.382813,0.000000,0.000000,0.000000,-220376
1085767,1.542969,1.593750,9.382813,0.000000,0.000000,0.000000,-220590
1085817,1.542969,1.554688,9.414063,0.000000,0.000000,0.000000,-220591
1085871,1.503906,1.593750,9.417969,0.000000,0.000000,0.000000,-220795
1085923,1.503906,1.593750,9.417969,0.000000,0.000000,0.000000,-220562
1085974,1.503906,1.554688,9.414063,0.000000,0.000000,0.000000,-220579
1086026,1.503906,1.593750,9.417969,0.000000,0.000000,0.000000,-220600
1086076,1.503906,1.593750,9.382813,0.000000,0.000000,0.000000,-220671
1086128,1.542969,1.593750,9.417969,0.000000,0.000000,0.000000,-220551
1086178,1.503906,1.593750,9.382813,0.000000,0.000000,0.000000,-220476
1086233,1.503906,1.593750,9.382813,0.000000,0.000000,0.000000,-220644
1086286,1.503906,1.593750,9.382813,0.000000,0.000000,0.000000,-220506
1086336,1.542969,1.554688,9.414063,0.000000,0.000000,0.000000,-220656
1086388,1.503906,1.593750,9.417969,0.000000,0.000000,0.000000,-220715
1086438,1.503906,1.593750,9.457031,0.000000,0.000000,0.000000,-220663
1086492,1.503906,1.593750,9.417969,0.000000,0.000000,0.000000,-220709
1086545,1.503906,1.593750,9.417969,0.000000,0.000000,0.000000,-220601
1086595,1.542969,1.593750,9.417969,0.000000,0.000000,0.000000,-220603
1086647,1.542969,1.593750,9.382813,0.000000,0.000000,0.000000,-220713
1086697,1.542969,1.593750,9.417969,0.000000,0.000000,0.000000,-220466
1086752,1.503906,1.593750,9.382813,0.000000,0.000000,0.000000,-220633
1086803,1.542969,1.593750,9.417969,0.000000,0.000000,0.000000,-220594
1086854,1.542969,1.593750,9.417969,0.000000,0.000000,0.000000,-220703
1086908,1.503906,1.554688,9.414063,0.000000,0.000000,0.000000,-220636
1086958,1.503906,1.593750,9.417969,0.000000,0.000000,0.000000,-220633
1087011,1.503906,1.554688,9.414063,0.000000,0.000000,0.000000,-220561
1087064,1.503906,1.593750,9.417969,0.000000,0.000000,0.000000,-220627
1087114,1.503906,1.593750,9.417969,0.000000,0.000000,0.000000,-220500
1087166,1.503906,1.593750,9.382813,0.000000,0.000000,0.000000,-220607
1087216,1.542969,1.593750,9.382813,0.000000,0.000000,0.000000,-220496
1087268,1.503906,1.593750,9.382813,0.000000,0.000000,0.000000,-220614
1087318,1.503906,1.593750,9.382813,0.000000,0.000000,0.000000,-220673
1087368,1.542969,1.593750,9.382813,0.000000,0.000000,0.000000,-220632
1087418,1.542969,1.593750,9.417969,0.000000,0.000000,0.000000,-220647
1087468,1.503906,1.554688,9.386719,0.000000,0.000000,0.000000,-220653
1087522,1.503906,1.554688,9.453125,0.000000,0.000000,0.000000,-220545
1087575,1.542969,1.593750,9.417969,0.000000,0.000000,0.000000,-220572
1087625,1.503906,1.593750,9.382813,0.000000,0.000000,0.000000,-220502
1087677,1.503906,1.593750,9.382813,0.000000,0.000000,0.000000,-220507
1087727,1.542969,1.593750,9.382813,0.000000,0.000000,0.000000,-220675
1087777,1.542969,1.593750,9.382813,0.000000,0.000000,0.000000,-220626
1087828,1.542969,1.593750,9.382813,0.000000,0.000000,0.000000,-220692
1087878,1.542969,1.593750,9.417969,0.000000,0.000000,0.000000,-220660
1087929,1.542969,1.593750,9.382813,0.000000,0.000000,0.000000,-220710
1087979,1.503906,1.554688,9.414063,0.000000,0.000000,0.000000,-220599
1088029,1.503906,1.593750,9.417969,0.000000,0.000000,0.000000,-220697
1088079,1.503906,1.593750,9.417969,0.000000,0.000000,0.000000,-220681
1088129,1.542969,1.554688,9.386719,0.000000,0.000000,0.000000,-220635
1088184,1.503906,1.554688,9.414063,0.000000,0.000000,0.000000,-220674
1088236,1.542969,1.593750,9.417969,0.000000,0.000000,0.000000,-220615
1088286,1.503906,1.593750,9.382813,0.000000,0.000000,0.000000,-220732
1088339,1.503906,1.593750,9.382813,0.000000,0.000000,0.000000,-220639
1088389,1.503906,1.593750,9.417969,0.000000,0.000000,0.000000,-220693
1088440,1.503906,1.593750,9.382813,0.000000,0.000000,0.000000,-220606
1088495,1.503906,1.554688,9.414063,0.000000,0.000000,0.000000,-220758
1088546,1.503906,1.593750,9.417969,0.000000,0.000000,0.000000,-220709
1088598,1.503906,1.554688,9.414063,0.000000,0.000000,0.000000,-220763
1088648,1.503906,1.593750,9.417969,0.000000,0.000000,0.000000,-220639
1088700,1.503906,1.593750,9.417969,0.000000,0.000000,0.000000,-220686
1088750,1.503906,1.593750,9.417969,0.000000,0.000000,0.000000,-220630
1088805,1.503906,1.593750,9.382813,0.000000,0.000000,0.000000,-220625
1088858,1.503906,1.593750,9.382813,0.000000,0.000000,0.000000,-220757
1088908,1.542969,1.593750,9.382813,0.000000,0.000000,0.000000,-220680
1088959,1.503906,1.593750,9.417969,0.000000,0.000000,0.000000,-220714
1089009,1.503906,1.593750,9.382813,0.000000,0.000000,0.000000,-220689
1089059,1.542969,1.593750,9.417969,0.000000,0.000000,0.000000,-220657
1089109,1.542969,1.593750,9.417969,0.000000,0.000000,0.000000,-220701
1089159,1.503906,1.554688,9.414063,0.000000,0.000000,0.000000,-220644
1089214,1.542969,1.554688,9.386719,0.000000,0.000000,0.000000,-220586
1089266,1.503906,1.593750,9.382813,0.000000,0.000000,0.000000,-220766
1089316,1.503906,1.593750,9.382813,0.000000,0.000000,0.000000,-220707
1089369,1.503906,1.593750,9.382813,0.000000,0.000000,0.000000,-220670
1089419,1.503906,1.593750,9.382813,0.000000,0.000000,0.000000,-220574
1089474,1.542969,1.593750,9.382813,0.000000,0.000000,0.000000,-220659
1089527,1.542969,1.593750,9.382813,0.000000,0.000000,0.000000,-220744
1089577,1.503906,1.593750,9.417969,0.000000,0.000000,0.000000,-220678
1089628,1.503906,1.554688,9.414063,0.000000,0.000000,0.000000,-220731
1089678,1.503906,1.593750,9.382813,0.000000,0.000000,0.000000,-220735
1089731,1.503906,1.593750,9.417969,0.000000,0.000000,0.000000,-220688
1089781,1.503906,1.593750,9.417969,0.000000,0.000000,0.000000,-220733
1089835,1.542969,1.593750,9.382813,0.000000,0.000000,0.000000,-220604
1089887,1.503906,1.593750,9.382813,0.000000,0.000000,0.000000,-220721
1089938,1.503906,1.593750,9.382813,0.000000,0.000000,0.000000,-220695
1089990,1.503906,1.593750,9.382813,0.000000,0.000000,0.000000,-220685
1090040,1.503906,1.593750,9.417969,0.000000,0.000000,0.000000,-220663
1090094,1.503906,1.593750,9.417969,0.000000,0.000000,0.000000,-220631
1090147,1.503906,1.593750,9.417969,0.000000,0.000000,0.000000,-220662
1090197,1.542969,1.593750,9.417969,0.000000,0.000000,0.000000,-220730
1090249,1.503906,1.593750,9.382813,0.000000,0.000000,0.000000,-220672
1090299,1.542969,1.593750,9.382813,0.000000,0.000000,0.000000,-220680
1090352,1.542969,1.593750,9.382813,0.000000,0.000000,0.000000,-220689
1090402,1.542969,1.593750,9.382813,0.000000,0.000000,0.000000,-220668
1090452,1.542969,1.593750,9.417969,0.000000,0.000000,0.000000,-220623
1090502,1.542969,1.593750,9.382813,0.000000,0.000000,0.000000,-220730
1090556,1.503906,1.554688,9.453125,0.000000,0.000000,0.000000,-220639
1090607,1.503906,1.593750,9.417969,0.000000,0.000000,0.000000,-220581
1090658,1.503906,1.593750,9.417969,0.000000,0.000000,0.000000,-220611
1090709,1.503906,1.554688,9.453125,0.000000,0.000000,0.000000,-220612
1090761,1.503906,1.554688,9.386719,0.000000,0.000000,0.000000,-220677
1090811,1.503906,1.593750,9.417969,0.000000,0.000000,0.000000,-220656
1090866,1.542969,1.593750,9.382813,0.000000,0.000000,0.000000,-220651
1090917,1.503906,1.593750,9.382813,0.000000,0.000000,0.000000,-220620
1090969,1.542969,1.593750,9.417969,0.000000,0.000000,0.000000,-220690
1091020,1.503906,1.593750,9.417969,0.000000,0.000000,0.000000,-220764
1091070,1.503906,1.593750,9.417969,0.000000,0.000000,0.000000,-220739
1091123,1.503906,1.554688,9.414063,0.000000,0.000000,0.000000,-220753
1091178,1.542969,1.593750,9.417969,0.000000,0.000000,0.000000,-220711
1091228,1.503906,1.593750,9.417969,0.000000,0.000000,0.000000,-220641
1091281,1.503906,1.593750,9.417969,0.000000,0.000000,0.000000,-220780
1091331,1.542969,1.593750,9.382813,0.000000,0.000000,0.000000,-220656
1091382,1.503906,1.593750,9.382813,0.000000,0.000000,0.000000,-220740
1091432,1.542969,1.593750,9.382813,0.000000,0.000000,0.000000,-220643
1091482,1.542969,1.593750,9.382813,0.000000,0.000000,0.000000,-220625
1091532,1.503906,1.593750,9.382813,0.000000,0.000000,0.000000,-220811
1091582,1.542969,1.593750,9.382813,0.000000,0.000000,0.000000,-220626
1091637,1.503906,1.593750,9.417969,0.000000,0.000000,0.000000,-220723
1091688,1.503906,1.554688,9.414063,0.000000,0.000000,0.000000,-220640
1091738,1.503906,1.554688,9.414063,0.000000,0.000000,0.000000,-220657
1091788,1.542969,1.554688,9.414063,0.000000,0.000000,0.000000,-220802
1091838,1.503906,1.593750,9.417969,0.000000,0.000000,0.000000,-220715
1091888,1.503906,1.593750,9.417969,0.000000,0.000000,0.000000,-220692
1091938,1.503906,1.554688,9.414063,0.000000,0.000000,0.000000,-220750
1091989,1.542969,1.593750,9.343750,0.000000,0.000000,0.000000,-220713
1092039,1.542969,1.593750,9.382813,0.000000,0.000000,0.000000,-220687
1092090,1.542969,1.593750,9.382813,0.000000,0.000000,0.000000,-220718
1092140,1.503906,1.593750,9.382813,0.000000,0.000000,0.000000,-220644
1092193,1.503906,1.593750,9.417969,0.000000,0.000000,0.000000,-220785
1092243,1.542969,1.593750,9.417969,0.000000,0.000000,0.000000,-220789
1092297,1.542969,1.554688,9.414063,0.000000,0.000000,0.000000,-220694
1092349,1.542969,1.593750,9.417969,0.000000,0.000000,0.000000,-220695
1092399,1.542969,1.593750,9.417969,0.000000,0.000000,0.000000,-220625
1092452,1.503906,1.554688,9.386719,0.000000,0.000000,0.000000,-220631
1092502,1.503906,1.593750,9.382813,0.000000,0.000000,0.000000,-220725
1092557,1.503906,1.593750,9.382813,0.000000,0.000000,0.000000,-220719
1092609,1.503906,1.593750,9.343750,0.000000,0.000000,0.000000,-220741
1092659,1.542969,1.554688,9.386719,0.000000,0.000000,0.000000,-220760
1092711,1.542969,1.632813,9.382813,0.000000,0.000000,0.000000,-220666
1092761,1.503906,1.554688,9.414063,0.000000,0.000000,0.000000,-220693
1092813,1.503906,1.554688,9.414063,0.000000,0.000000,0.000000,-220740
1092863,1.503906,1.593750,9.417969,0.000000,0.000000,0.000000,-220702
1092913,1.503906,1.554688,9.414063,0.000000,0.000000,0.000000,-220730
1092963,1.542969,1.554688,9.414063,0.000000,0.000000,0.000000,-220803
1093013,1.503906,1.593750,9.382813,0.000000,0.000000,0.000000,-220819
1093063,1.503906,1.593750,9.382813,0.000000,0.000000,0.000000,-220678
1093113,1.503906,1.593750,9.382813,0.000000,0.000000,0.000000,-220656
1093163,1.542969,1.593750,9.382813,0.000000,0.000000,0.000000,-220668
1093217,1.503906,1.593750,9.343750,0.000000,0.000000,0.000000,-220721
1093269,1.542969,1.593750,9.382813,0.000000,0.000000,0.000000,-220732
1093319,1.503906,1.593750,9.382813,0.000000,0.000000,0.000000,-220790
1093369,1.503906,1.593750,9.417969,0.000000,0.000000,0.000000,-220737
1093419,1.503906,1.554688,9.414063,0.000000,0.000000,0.000000,-220741
1093470,1.503906,1.554688,9.414063,0.000000,0.000000,0.000000,-220690
1093522,1.503906,1.554688,9.414063,0.000000,0.000000,0.000000,-220668
1093572,1.542969,1.554688,9.414063,0.000000,0.000000,0.000000,-220772
1093624,1.503906,1.593750,9.417969,0.000000,0.000000,0.000000,-220700
1093674,1.503906,1.554688,9.386719,0.000000,0.000000,0.000000,-220839
1093724,1.503906,1.593750,9.382813,0.000000,0.000000,0.000000,-220643
1093774,1.542969,1.593750,9.382813,0.000000,0.000000,0.000000,-220808
1093824,1.542969,1.593750,9.417969,0.000000,0.000000,0.000000,-220777
1093878,1.542969,1.593750,9.382813,0.000000,0.000000,0.000000,-220785
1093930,1.503906,1.593750,9.417969,0.000000,0.000000,0.000000,-220676
1093980,1.503906,1.554688,9.386719,0.000000,0.000000,0.000000,-220674
1094033,1.542969,1.593750,9.382813,0.000000,0.000000,0.000000,-220761
1094083,1.503906,1.554688,9.414063,0.000000,0.000000,0.000000,-220760
1094133,1.503906,1.554688,9.414063,0.000000,0.000000,0.000000,-220655
1094183,1.503906,1.593750,9.417969,0.000000,0.000000,0.000000,-220660
1094233,1.503906,1.554688,9.414063,0.000000,0.000000,0.000000,-220647
1094284,1.503906,1.593750,9.382813,0.000000,0.000000,0.000000,-220711
1094334,1.542969,1.593750,9.382813,0.000000,0.000000,0.000000,-220804
1094384,1.503906,1.593750,9.382813,0.000000,0.000000,0.000000,-220763
1094434,1.503906,1.593750,9.343750,0.000000,0.000000,0.000000,-220749
1094484,1.542969,1.593750,9.382813,0.000000,0.000000,0.000000,-220768
1094534,1.503906,1.593750,9.382813,0.000000,0.000000,0.000000,-220742
1094584,1.503906,1.593750,9.382813,0.000000,0.000000,0.000000,-220687
1094634,1.503906,1.593750,9.382813,0.000000,0.000000,0.000000,-220877
1094687,1.503906,1.554688,9.414063,0.000000,0.000000,0.000000,-220627
1094741,1.542969,1.593750,9.382813,0.000000,0.000000,0.000000,-220729
1094791,1.503906,1.554688,9.414063,0.000000,0.000000,0.000000,-220660
1094843,1.542969,1.593750,9.417969,0.000000,0.000000,0.000000,-220595
1094893,1.503906,1.593750,9.382813,0.000000,0.000000,0.000000,-220688
1094945,1.542969,1.593750,9.382813,0.000000,0.000000,0.000000,-220732
1095000,1.542969,1.593750,9.417969,0.000000,0.000000,0.000000,-220726
1095050,1.503906,1.593750,9.382813,0.000000,0.000000,0.000000,-220737
1095103,1.503906,1.593750,9.417969,0.000000,0.000000,0.000000,-220709
1095153,1.503906,1.554688,9.414063,0.000000,0.000000,0.000000,-220673
1095205,1.503906,1.593750,9.417969,0.000000,0.000000,0.000000,-220736
1095255,1.503906,1.554688,9.414063,0.000000,0.000000,0.000000,-220739
1095310,1.542969,1.593750,9.417969,0.000000,0.000000,0.000000,-220735
1095362,1.542969,1.593750,9.417969,0.000000,0.000000,0.000000,-220692
1095412,1.503906,1.593750,9.382813,0.000000,0.000000,0.000000,-220788
1095465,1.542969,1.593750,9.382813,0.000000,0.000000,0.000000,-220657
1095515,1.503906,1.593750,9.382813,0.000000,0.000000,0.000000,-220567
1095569,1.503906,1.554688,9.386719,0.000000,0.000000,0.000000,-220728
1095621,1.503906,1.593750,9.417969,0.000000,0.000000,0.000000,-220711
1095672,1.503906,1.593750,9.417969,0.000000,0.000000,0.000000,-220693
1095725,1.503906,1.554688,9.414063,0.000000,0.000000,0.000000,-220636
1095775,1.503906,1.554688,9.414063,0.000000,0.000000,0.000000,-220733
1095825,1.503906,1.593750,9.417969,0.000000,0.000000,0.000000,-220720
1095875,1.503906,1.554688,9.386719,0.000000,0.000000,0.000000,-220741
1095925,1.503906,1.593750,9.382813,0.000000,0.000000,0.000000,-220706
1095975,1.503906,1.593750,9.343750,0.000000,0.000000,0.000000,-220671
1096025,1.503906,1.593750,9.382813,0.000000,0.000000,0.000000,-220560
1096075,1.503906,1.593750,9.382813,0.000000,0.000000,0.000000,-220621
1096125,1.503906,1.593750,9.382813,0.000000,0.000000,0.000000,-220640
1096175,1.542969,1.593750,9.382813,0.000000,0.000000,0.000000,-220900
1096225,1.503906,1.593750,9.382813,0.000000,0.000000,0.000000,-220762
1096275,1.503906,1.593750,9.417969,0.000000,0.000000,0.000000,-220670
1096325,1.503906,1.554688,9.414063,0.000000,0.000000,0.000000,-220667
1096379,1.503906,1.593750,9.417969,0.000000,0.000000,0.000000,-220705
1096432,1.503906,1.593750,9.382813,0.000000,0.000000,0.000000,-220681
1096482,1.503906,1.593750,9.382813,0.000000,0.000000,0.000000,-220767
1096535,1.503906,1.593750,9.343750,0.000000,0.000000,0.000000,-220741
1096585,1.503906,1.593750,9.382813,0.000000,0.000000,0.000000,-220782
1096639,1.542969,1.593750,9.382813,0.000000,0.000000,0.000000,-220706
1096691,1.503906,1.593750,9.382813,0.000000,0.000000,0.000000,-220891
1096742,1.503906,1.593750,9.417969,0.000000,0.000000,0.000000,-220723
1096793,1.542969,1.554688,9.414063,0.000000,0.000000,0.000000,-220680
1096843,1.503906,1.593750,9.382813,0.000000,0.000000,0.000000,-220798
1096896,1.503906,1.593750,9.417969,0.000000,0.000000,0.000000,-220642
1096946,1.503906,1.554688,9.414063,0.000000,0.000000,0.000000,-220799
1096996,1.503906,1.554688,9.453125,0.000000,0.000000,0.000000,-220728
1097046,1.503906,1.593750,9.382813,0.000000,0.000000,0.000000,-220849
1097096,1.542969,1.593750,9.382813,0.000000,0.000000,0.000000,-220697
1097150,1.503906,1.593750,9.382813,0.000000,0.000000,0.000000,-220784
1097203,1.542969,1.593750,9.382813,0.000000,0.000000,0.000000,-220732
1097254,1.503906,1.593750,9.382813,0.000000,0.000000,0.000000,-220719
1097306,1.542969,1.593750,9.382813,0.000000,0.000000,0.000000,-220792
1097356,1.542969,1.554688,9.386719,0.000000,0.000000,0.000000,-220767
1097407,1.503906,1.593750,9.457031,0.000000,0.000000,0.000000,-220704
1097457,1.503906,1.593750,9.382813,0.000000,0.000000,0.000000,-220659
1097507,1.503906,1.593750,9.417969,0.000000,0.000000,0.000000,-220717
1097557,1.503906,1.593750,9.382813,0.000000,0.000000,0.000000,-220898
1097607,1.503906,1.593750,9.417969,0.000000,0.000000,0.000000,-220822
1097657,1.503906,1.593750,9.382813,0.000000,0.000000,0.000000,-220827
1097707,1.503906,1.593750,9.382813,0.000000,0.000000,0.000000,-220760
1097757,1.542969,1.593750,9.382813,0.000000,0.000000,0.000000,-220687
1097810,1.542969,1.593750,9.382813,0.000000,0.000000,0.000000,-220691
1097863,1.542969,1.554688,9.414063,0.000000,0.000000,0.000000,-220849
1097913,1.503906,1.593750,9.417969,0.000000,0.000000,0.000000,-220668
1097966,1.542969,1.593750,9.382813,0.000000,0.000000,0.000000,-220744
1098016,1.503906,1.554688,9.414063,0.000000,0.000000,0.000000,-220909
1098071,1.503906,1.554688,9.414063,0.000000,0.000000,0.000000,-220692
1098123,1.503906,1.593750,9.417969,0.000000,0.000000,0.000000,-220776
1098173,1.503906,1.593750,9.382813,0.000000,0.000000,0.000000,-220705
1098225,1.542969,1.593750,9.382813,0.000000,0.000000,0.000000,-220769
1098275,1.503906,1.593750,9.417969,0.000000,0.000000,0.000000,-220791
1098327,1.503906,1.593750,9.382813,0.000000,0.000000,0.000000,-220755
1098377,1.503906,1.593750,9.382813,0.000000,0.000000,0.000000,-220820
1098427,1.542969,1.593750,9.382813,0.000000,0.000000,0.000000,-220726
1098477,1.542969,1.593750,9.417969,0.000000,0.000000,0.000000,-220621
1098527,1.503906,1.593750,9.417969,0.000000,0.000000,0.000000,-220646
1098577,1.542969,1.593750,9.382813,0.000000,0.000000,0.000000,-220665
1098627,1.503906,1.554688,9.414063,0.000000,0.000000,0.000000,-220762
1098677,1.503906,1.554688,9.414063,0.000000,0.000000,0.000000,-220649
1098732,1.542969,1.593750,9.417969,0.000000,0.000000,0.000000,-220613
1098783,1.542969,1.593750,9.382813,0.000000,0.000000,0.000000,-220705
1098838,1.542969,1.593750,9.382813,0.000000,0.000000,0.000000,-220716
1098893,1.542969,1.554688,9.386719,0.000000,0.000000,0.000000,-220690
1098944,1.503906,1.593750,9.382813,0.000000,0.000000,0.000000,-220653
1098996,1.503906,1.593750,9.417969,0.000000,0.000000,0.000000,-220710
1099046,1.542969,1.593750,9.417969,0.000000,0.000000,0.000000,-220680
1099098,1.503906,1.554688,9.453125,0.000000,0.000000,0.000000,-220758
1099148,1.542969,1.593750,9.417969,0.000000,0.000000,0.000000,-220668
1099198,1.503906,1.593750,9.417969,0.000000,0.000000,0.000000,-220742
1099248,1.503906,1.593750,9.417969,0.000000,0.000000,0.000000,-220661
1099298,1.503906,1.593750,9.382813,0.000000,0.000000,0.000000,-220645
1099348,1.503906,1.554688,9.414063,0.000000,0.000000,0.000000,-220727
1099398,1.503906,1.593750,9.382813,0.000000,0.000000,0.000000,-220559
1099448,1.503906,1.593750,9.382813,0.000000,0.000000,0.000000,-220680
1099503,1.503906,1.593750,9.382813,0.000000,0.000000,0.000000,-220786
1099554,1.503906,1.593750,9.417969,0.000000,0.000000,0.000000,-220718
1099605,1.503906,1.593750,9.417969,0.000000,0.000000,0.000000,-220660
1099657,1.503906,1.593750,9.417969,0.000000,0.000000,0.000000,-220614
1099707,1.503906,1.593750,9.417969,0.000000,0.000000,0.000000,-220692
1099762,1.542969,1.593750,9.382813,0.000000,0.000000,0.000000,-220643
1099815,1.503906,1.593750,9.382813,0.000000,0.000000,0.000000,-220652
1099865,1.503906,1.593750,9.382813,0.000000,0.000000,0.000000,-220776
1099916,1.542969,1.593750,9.382813,0.000000,0.000000,0.000000,-220509
1099967,1.542969,1.593750,9.382813,0.000000,0.000000,0.000000,-220717
1100019,1.542969,1.593750,9.382813,0.000000,0.000000,0.000000,-220814
1100069,1.503906,1.593750,9.382813,0.000000,0.000000,0.000000,-220662
1100119,1.542969,1.593750,9.417969,0.000000,0.000000,0.000000,-220750
1100169,1.503906,1.593750,9.417969,0.000000,0.000000,0.000000,-220774
1100219,1.503906,1.593750,9.417969,0.000000,0.000000,0.000000,-220719
1100273,1.503906,1.593750,9.417969,0.000000,0.000000,0.000000,-220725
1100324,1.542969,1.593750,9.417969,0.000000,0.000000,0.000000,-220729
1100375,1.503906,1.554688,9.386719,0.000000,0.000000,0.000000,-220759
1100427,1.542969,1.593750,9.382813,0.000000,0.000000,0.000000,-220716
1100477,1.503906,1.593750,9.382813,0.000000,0.000000,0.000000,-220652
1100527,1.542969,1.554688,9.386719,0.000000,0.000000,0.000000,-220574
1100578,1.542969,1.593750,9.382813,0.000000,0.000000,0.000000,-220744
1100628,1.503906,1.593750,9.382813,0.000000,0.000000,0.000000,-220676
1100680,1.503906,1.554688,9.414063,0.000000,0.000000,0.000000,-220714
1100734,1.503906,1.554688,9.414063,0.000000,0.000000,0.000000,-220806
1100785,1.503906,1.554688,9.414063,0.000000,0.000000,0.000000,-220699
1100837,1.503906,1.554688,9.414063,0.000000,0.000000,0.000000,-220683
1100887,1.503906,1.554688,9.414063,0.000000,0.000000,0.000000,-220760
1100939,1.503906,1.593750,9.382813,0.000000,0.000000,0.000000,-220759
1100989,1.503906,1.593750,9.382813,0.000000,0.000000,0.000000,-220759
1101039,1.503906,1.593750,9.417969,0.000000,0.000000,0.000000,-220721
1101089,1.503906,1.593750,9.382813,0.000000,0.000000,0.000000,-220778
1101139,1.542969,1.632813,9.417969,0.000000,0.000000,0.000000,-220885
1101194,1.542969,1.593750,9.417969,0.000000,0.000000,0.000000,-220713
1101245,1.503906,1.593750,9.417969,0.000000,0.000000,0.000000,-220701
1101296,1.503906,1.593750,9.417969,0.000000,0.000000,0.000000,-220798
1101348,1.542969,1.593750,9.417969,0.000000,0.000000,0.000000,-220749
1101398,1.503906,1.554688,9.414063,0.000000,0.000000,0.000000,-220762
1101452,1.542969,1.593750,9.417969,0.000000,0.000000,0.000000,-220782
1101505,1.503906,1.593750,9.382813,0.000000,0.000000,0.000000,-220690
1101555,1.503906,1.593750,9.382813,0.000000,0.000000,0.000000,-220770
1101607,1.503906,1.593750,9.382813,0.000000,0.000000,0.000000,-220803
1101657,1.542969,1.593750,9.382813,0.000000,0.000000,0.000000,-220572
1101707,1.503906,1.593750,9.382813,0.000000,0.000000,0.000000,-220737
1101757,1.542969,1.593750,9.382813,0.000000,0.000000,0.000000,-220717
1101807,1.503906,1.554688,9.414063,0.000000,0.000000,0.000000,-220779
1101859,1.542969,1.593750,9.417969,0.000000,0.000000,0.000000,-220642
1101909,1.503906,1.554688,9.453125,0.000000,0.000000,0.000000,-220810
1101959,1.503906,1.554688,9.453125,0.000000,0.000000,0.000000,-220657
1102009,1.542969,1.554688,9.414063,0.000000,0.000000,0.000000,-220669
1102059,1.503906,1.593750,9.417969,0.000000,0.000000,0.000000,-220609
1102111,1.542969,1.593750,9.382813,0.000000,0.000000,0.000000,-220705
1102165,1.542969,1.593750,9.382813,0.000000,0.000000,0.000000,-220683
1102216,1.503906,1.632813,9.417969,0.000000,0.000000,0.000000,-220691
1102269,1.503906,1.593750,9.382813,0.000000,0.000000,0.000000,-220785
1102319,1.503906,1.593750,9.382813,0.000000,0.000000,0.000000,-220860
1102370,1.542969,1.593750,9.417969,0.000000,0.000000,0.000000,-220660
1102420,1.503906,1.593750,9.417969,0.000000,0.000000,0.000000,-220638
1102470,1.542969,1.593750,9.382813,0.000000,0.000000,0.000000,-220740
1102520,1.503906,1.554688,9.414063,0.000000,0.000000,0.000000,-220753
1102570,1.503906,1.554688,9.414063,0.000000,0.000000,0.000000,-220599
1102620,1.542969,1.554688,9.414063,0.000000,0.000000,0.000000,-220781
1102670,1.542969,1.554688,9.386719,0.000000,0.000000,0.000000,-220725
1102720,1.503906,1.593750,9.417969,0.000000,0.000000,0.000000,-220609
1102775,1.542969,1.593750,9.417969,0.000000,0.000000,0.000000,-220743
1102827,1.503906,1.593750,9.417969,0.000000,0.000000,0.000000,-220720
1102877,1.503906,1.593750,9.382813,0.000000,0.000000,0.000000,-220598
1102929,1.503906,1.593750,9.382813,0.000000,0.000000,0.000000,-220555
1102979,1.503906,1.593750,9.382813,0.000000,0.000000,0.000000,-220720
1103031,1.503906,1.554688,9.453125,0.000000,0.000000,0.000000,-220624
1103081,1.503906,1.554688,9.453125,0.000000,0.000000,0.000000,-220741
1103131,1.503906,1.554688,9.386719,0.000000,0.000000,0.000000,-220692
1103181,1.503906,1.593750,9.382813,0.000000,0.000000,0.000000,-220604
1103231,1.503906,1.593750,9.417969,0.000000,0.000000,0.000000,-220669
1103285,1.503906,1.593750,9.382813,0.000000,0.000000,0.000000,-220790
1103337,1.503906,1.554688,9.386719,0.000000,0.000000,0.000000,-220788
1103387,1.503906,1.593750,9.382813,0.000000,0.000000,0.000000,-220700
1103437,1.542969,1.593750,9.382813,0.000000,0.000000,0.000000,-220764
1103487,1.503906,1.593750,9.343750,0.000000,0.000000,0.000000,-220660
1103537,1.503906,1.593750,9.382813,0.000000,0.000000,0.000000,-220684
1103590,1.542969,1.554688,9.386719,0.000000,0.000000,0.000000,-220682
1103640,1.503906,1.593750,9.382813,0.000000,0.000000,0.000000,-220691
1103690,1.503906,1.593750,9.417969,0.000000,0.000000,0.000000,-220673
1103741,1.503906,1.554688,9.414063,0.000000,0.000000,0.000000,-220730
1103791,1.503906,1.554688,9.414063,0.000000,0.000000,0.000000,-220731
1103841,1.503906,1.554688,9.414063,0.000000,0.000000,0.000000,-220738
1103891,1.503906,1.593750,9.417969,0.000000,0.000000,0.000000,-220770
1103941,1.503906,1.593750,9.417969,0.000000,0.000000,0.000000,-220703
1103992,1.503906,1.593750,9.382813,0.000000,0.000000,0.000000,-220630
1104047,1.542969,1.593750,9.382813,0.000000,0.000000,0.000000,-220682
1104097,1.503906,1.593750,9.382813,0.000000,0.000000,0.000000,-220687
1104149,1.542969,1.593750,9.382813,0.000000,0.000000,0.000000,-220742
1104199,1.503906,1.593750,9.382813,0.000000,0.000000,0.000000,-220752
1104251,1.542969,1.554688,9.414063,0.000000,0.000000,0.000000,-220719
1104301,1.503906,1.554688,9.414063,0.000000,0.000000,0.000000,-220685
1104355,1.503906,1.554688,9.414063,0.000000,0.000000,0.000000,-220642
1104408,1.542969,1.593750,9.417969,0.000000,0.000000,0.000000,-220714
1104458,1.542969,1.593750,9.382813,0.000000,0.000000,0.000000,-220755
1104511,1.503906,1.593750,9.382813,0.000000,0.000000,0.000000,-220605
1104561,1.542969,1.593750,9.417969,0.000000,0.000000,0.000000,-220735
1104613,1.542969,1.593750,9.417969,0.000000,0.000000,0.000000,-220677
1104668,1.542969,1.593750,9.417969,0.000000,0.000000,0.000000,-220716
1104718,1.503906,1.593750,9.417969,0.000000,0.000000,0.000000,-220780
1104770,1.503906,1.554688,9.453125,0.000000,0.000000,0.000000,-220555
1104820,1.503906,1.593750,9.417969,0.000000,0.000000,0.000000,-220757
1104873,1.503906,1.593750,9.417969,0.000000,0.000000,0.000000,-220666
1104929,1.542969,1.593750,9.382813,0.000000,0.000000,0.000000,-220638
1104979,1.542969,1.593750,9.343750,0.000000,0.000000,0.000000,-220725
1105029,1.542969,1.593750,9.382813,0.000000,0.000000,0.000000,-220713
1105079,1.503906,1.593750,9.382813,0.000000,0.000000,0.000000,-220746
1105129,1.503906,1.593750,9.382813,0.000000,0.000000,0.000000,-220692
1105179,1.503906,1.593750,9.382813,0.000000,0.000000,0.000000,-220807
1105229,1.503906,1.593750,9.417969,0.000000,0.000000,0.000000,-220817
1105282,1.503906,1.593750,9.382813,0.000000,0.000000,0.000000,-220639
1105332,1.503906,1.593750,9.417969,0.000000,0.000000,0.000000,-220666
1105390,1.503906,1.593750,9.417969,0.000000,0.000000,0.000000,-220632
1105440,1.503906,1.593750,9.417969,0.000000,0.000000,0.000000,-220713
1105490,1.503906,1.593750,9.382813,0.000000,0.000000,0.000000,-220815
1105542,1.503906,1.554688,9.386719,0.000000,0.000000,0.000000,-220714
1105592,1.503906,1.593750,9.382813,0.000000,0.000000,0.000000,-220652
1105644,1.542969,1.593750,9.382813,0.000000,0.000000,0.000000,-220789
1105699,1.503906,1.593750,9.417969,0.000000,0.000000,0.000000,-220813
1105749,1.503906,1.593750,9.382813,0.000000,0.000000,0.000000,-220627
1105801,1.503906,1.554688,9.414063,0.000000,0.000000,0.000000,-220718
1105851,1.542969,1.593750,9.417969,0.000000,0.000000,0.000000,-220719
1105903,1.503906,1.554688,9.414063,0.000000,0.000000,0.000000,-220800
1105953,1.503906,1.593750,9.417969,0.000000,0.000000,0.000000,-220721
1106008,1.542969,1.593750,9.343750,0.000000,0.000000,0.000000,-220839
1106062,1.503906,1.593750,9.382813,0.000000,0.000000,0.000000,-220771
1106112,1.542969,1.593750,9.382813,0.000000,0.000000,0.000000,-220757
1106163,1.503906,1.554688,9.386719,0.000000,0.000000,0.000000,-220657
1106213,1.503906,1.593750,9.382813,0.000000,0.000000,0.000000,-220770
1106263,1.503906,1.593750,9.417969,0.000000,0.000000,0.000000,-220717
1106313,1.503906,1.593750,9.417969,0.000000,0.000000,0.000000,-220830
1106363,1.503906,1.554688,9.453125,0.000000,0.000000,0.000000,-220729
1106414,1.503906,1.554688,9.386719,0.000000,0.000000,0.000000,-220714
1106464,1.503906,1.593750,9.417969,0.000000,0.000000,0.000000,-220754
1106514,1.503906,1.554688,9.414063,0.000000,0.000000,0.000000,-220814
1106566,1.503906,1.554688,9.414063,0.000000,0.000000,0.000000,-220721
1106619,1.503906,1.593750,9.382813,0.000000,0.000000,0.000000,-220751
1106670,1.503906,1.593750,9.382813,0.000000,0.000000,0.000000,-220727
1106720,1.542969,1.593750,9.382813,0.000000,0.000000,0.000000,-220741
1106771,1.503906,1.593750,9.382813,0.000000,0.000000,0.000000,-220785
1106823,1.503906,1.554688,9.414063,0.000000,0.000000,0.000000,-220720
1106873,1.503906,1.593750,9.417969,0.000000,0.000000,0.000000,-220796
1106927,1.503906,1.554688,9.414063,0.000000,0.000000,0.000000,-220690
1106977,1.503906,1.554688,9.453125,0.000000,0.000000,0.000000,-220626
1107031,1.503906,1.554688,9.414063,0.000000,0.000000,0.000000,-220682
1107083,1.503906,1.593750,9.382813,0.000000,0.000000,0.000000,-220777
1107133,1.503906,1.593750,9.382813,0.000000,0.000000,0.000000,-220720
1107185,1.503906,1.593750,9.382813,0.000000,0.000000,0.000000,-220798
1107240,1.503906,1.593750,9.417969,0.000000,0.000000,0.000000,-220803
1107290,1.503906,1.593750,9.382813,0.000000,0.000000,0.000000,-220765
1107342,1.503906,1.554688,9.414063,0.000000,0.000000,0.000000,-220748
1107392,1.503906,1.554688,9.414063,0.000000,0.000000,0.000000,-220749
1107444,1.542969,1.554688,9.414063,0.000000,0.000000,0.000000,-220808
1107494,1.503906,1.593750,9.417969,0.000000,0.000000,0.000000,-220767
1107544,1.503906,1.554688,9.414063,0.000000,0.000000,0.000000,-220900
1107594,1.542969,1.554688,9.414063,0.000000,0.000000,0.000000,-220686
1107644,1.542969,1.554688,9.386719,0.000000,0.000000,0.000000,-220788
1107694,1.542969,1.593750,9.417969,0.000000,0.000000,0.000000,-220721
1107744,1.503906,1.593750,9.382813,0.000000,0.000000,0.000000,-220641
1107794,1.503906,1.593750,9.382813,0.000000,0.000000,0.000000,-220780
1107845,1.542969,1.593750,9.382813,0.000000,0.000000,0.000000,-220834
1107895,1.503906,1.593750,9.382813,0.000000,0.000000,0.000000,-220728
1107945,1.503906,1.593750,9.382813,0.000000,0.000000,0.000000,-220771
1107995,1.503906,1.593750,9.417969,0.000000,0.000000,0.000000,-220699
1108045,1.503906,1.593750,9.417969,0.000000,0.000000,0.000000,-220730
1108095,1.542969,1.554688,9.414063,0.000000,0.000000,0.000000,-220765
1108145,1.503906,1.554688,9.414063,0.000000,0.000000,0.000000,-220832
1108195,1.542969,1.593750,9.417969,0.000000,0.000000,0.000000,-220760
1108249,1.542969,1.593750,9.382813,0.000000,0.000000,0.000000,-220865
1108303,1.503906,1.554688,9.414063,0.000000,0.000000,0.000000,-220986
1108353,1.542969,1.593750,9.382813,0.000000,0.000000,0.000000,-220834
1108404,1.503906,1.593750,9.382813,0.000000,0.000000,0.000000,-220820
1108454,1.503906,1.593750,9.382813,0.000000,0.000000,0.000000,-220673
1108505,1.542969,1.593750,9.417969,0.000000,0.000000,0.000000,-220883
1108555,1.542969,1.593750,9.382813,0.000000,0.000000,0.000000,-220693
1108605,1.503906,1.593750,9.417969,0.000000,0.000000,0.000000,-220760
1108656,1.542969,1.554688,9.453125,0.000000,0.000000,0.000000,-220698
1108711,1.503906,1.554688,9.414063,0.000000,0.000000,0.000000,-220779
1108765,1.503906,1.593750,9.382813,0.000000,0.000000,0.000000,-220699
1108815,1.542969,1.593750,9.417969,0.000000,0.000000,0.000000,-220689
1108865,1.503906,1.593750,9.382813,0.000000,0.000000,0.000000,-220689
1108916,1.542969,1.593750,9.382813,0.000000,0.000000,0.000000,-220768
1108971,1.503906,1.593750,9.417969,0.000000,0.000000,0.000000,-220840
1109021,1.503906,1.593750,9.382813,0.000000,0.000000,0.000000,-220645
1109072,1.503906,1.593750,9.417969,0.000000,0.000000,0.000000,-220714
1109122,1.503906,1.593750,9.417969,0.000000,0.000000,0.000000,-220829
1109176,1.503906,1.554688,9.414063,0.000000,0.000000,0.000000,-220786
1109226,1.503906,1.554688,9.414063,0.000000,0.000000,0.000000,-220768
1109280,1.503906,1.593750,9.417969,0.000000,0.000000,0.000000,-220658
1109332,1.503906,1.593750,9.382813,0.000000,0.000000,0.000000,-220781
1109382,1.503906,1.593750,9.382813,0.000000,0.000000,0.000000,-220736
1109435,1.542969,1.593750,9.417969,0.000000,0.000000,0.000000,-220836
1109485,1.503906,1.593750,9.382813,0.000000,0.000000,0.000000,-220855
1109536,1.503906,1.593750,9.382813,0.000000,0.000000,0.000000,-220776
1109586,1.542969,1.554688,9.414063,0.000000,0.000000,0.000000,-220738
1109636,1.542969,1.554688,9.414063,0.000000,0.000000,0.000000,-220771
1109686,1.503906,1.554688,9.414063,0.000000,0.000000,0.000000,-220706
1109736,1.503906,1.593750,9.417969,0.000000,0.000000,0.000000,-220811
1109786,1.542969,1.554688,9.386719,0.000000,0.000000,0.000000,-220764
1109836,1.503906,1.554688,9.414063,0.000000,0.000000,0.000000,-220763
1109886,1.503906,1.554688,9.414063,0.000000,0.000000,0.000000,-220740
1109936,1.503906,1.554688,9.414063,0.000000,0.000000,0.000000,-220814
1109986,1.542969,1.554688,9.414063,0.000000,0.000000,0.000000,-220824
1110036,1.542969,1.593750,9.382813,0.000000,0.000000,0.000000,-220771
1110087,1.542969,1.593750,9.382813,0.000000,0.000000,0.000000,-220786
1110142,1.542969,1.554688,9.386719,0.000000,0.000000,0.000000,-220665
1110193,1.542969,1.593750,9.382813,0.000000,0.000000,0.000000,-220700
1110246,1.503906,1.632813,9.417969,0.000000,0.000000,0.000000,-220618
1110296,1.503906,1.554688,9.414063,0.000000,0.000000,0.000000,-220702
1110347,1.503906,1.554688,9.453125,0.000000,0.000000,0.000000,-220692
1110397,1.503906,1.593750,9.417969,0.000000,0.000000,0.000000,-220708
1110452,1.503906,1.593750,9.417969,0.000000,0.000000,0.000000,-220698
1110505,1.503906,1.554688,9.347656,0.000000,0.000000,0.000000,-220756
1110555,1.542969,1.593750,9.382813,0.000000,0.000000,0.000000,-220812
1110606,1.503906,1.593750,9.382813,0.000000,0.000000,0.000000,-220644
1110656,1.542969,1.593750,9.417969,0.000000,0.000000,0.000000,-220754
1110706,1.542969,1.593750,9.382813,0.000000,0.000000,0.000000,-220796
1110756,1.503906,1.593750,9.382813,0.000000,0.000000,0.000000,-220636
1110806,1.503906,1.593750,9.382813,0.000000,0.000000,0.000000,-220914
1110857,1.503906,1.593750,9.417969,0.000000,0.000000,0.000000,-220798
1110907,1.503906,1.593750,9.417969,0.000000,0.000000,0.000000,-220660
1110957,1.503906,1.554688,9.414063,0.000000,0.000000,0.000000,-220667
1111007,1.503906,1.554688,9.386719,0.000000,0.000000,0.000000,-220712
1111057,1.503906,1.554688,9.414063,0.000000,0.000000,0.000000,-220679
1111107,1.503906,1.554688,9.386719,0.000000,0.000000,0.000000,-220790
1111158,1.503906,1.593750,9.382813,0.000000,0.000000,0.000000,-220694
1111213,1.542969,1.593750,9.417969,0.000000,0.000000,0.000000,-220765
1111263,1.542969,1.593750,9.382813,0.000000,0.000000,0.000000,-220620
1111314,1.503906,1.593750,9.417969,0.000000,0.000000,0.000000,-220653
1111364,1.503906,1.593750,9.417969,0.000000,0.000000,0.000000,-220633
1111417,1.503906,1.554688,9.453125,0.000000,0.000000,0.000000,-220627
1111467,1.503906,1.554688,9.453125,0.000000,0.000000,0.000000,-220689
1111521,1.503906,1.554688,9.414063,0.000000,0.000000,0.000000,-220591
1111573,1.503906,1.593750,9.382813,0.000000,0.000000,0.000000,-220720
1111623,1.503906,1.554688,9.414063,0.000000,0.000000,0.000000,-220681
1111673,1.503906,1.554688,9.386719,0.000000,0.000000,0.000000,-220716
1111723,1.503906,1.593750,9.382813,0.000000,0.000000,0.000000,-220693
1111773,1.542969,1.632813,9.382813,0.000000,0.000000,0.000000,-220647
1111826,1.542969,1.593750,9.382813,0.000000,0.000000,0.000000,-220495
1111876,1.503906,1.593750,9.417969,0.000000,0.000000,0.000000,-220655
1111928,1.542969,1.593750,9.382813,0.000000,0.000000,0.000000,-220721
1111978,1.503906,1.554688,9.414063,0.000000,0.000000,0.000000,-220752
1112028,1.503906,1.554688,9.414063,0.000000,0.000000,0.000000,-220565
1112078,1.503906,1.554688,9.414063,0.000000,0.000000,0.000000,-220699
1112128,1.503906,1.554688,9.386719,0.000000,0.000000,0.000000,-220671
1112182,1.503906,1.593750,9.417969,0.000000,0.000000,0.000000,-220646
1112234,1.503906,1.593750,9.382813,0.000000,0.000000,0.000000,-220718
1112284,1.542969,1.593750,9.382813,0.000000,0.000000,0.000000,-220786
1112337,1.542969,1.593750,9.382813,0.000000,0.000000,0.000000,-220720
1112387,1.503906,1.593750,9.417969,0.000000,0.000000,0.000000,-220700
1112441,1.503906,1.593750,9.417969,0.000000,0.000000,0.000000,-220662
1112494,1.503906,1.593750,9.417969,0.000000,0.000000,0.000000,-220539
1112545,1.503906,1.554688,9.414063,0.000000,0.000000,0.000000,-220794
1112598,1.542969,1.554688,9.414063,0.000000,0.000000,0.000000,-220630
1112648,1.503906,1.554688,9.453125,0.000000,0.000000,0.000000,-220643
1112698,1.542969,1.593750,9.457031,0.000000,0.000000,0.000000,-220676
1112748,1.542969,1.593750,9.382813,0.000000,0.000000,0.000000,-220686
1112798,1.503906,1.554688,9.414063,0.000000,0.000000,0.000000,-220661
1112849,1.503906,1.593750,9.382813,0.000000,0.000000,0.000000,-220527
1112899,1.542969,1.593750,9.382813,0.000000,0.000000,0.000000,-220606
1112953,1.542969,1.593750,9.417969,0.000000,0.000000,0.000000,-220773
1113005,1.503906,1.593750,9.417969,0.000000,0.000000,0.000000,-220699
1113055,1.503906,1.554688,9.414063,0.000000,0.000000,0.000000,-220715
1113108,1.503906,1.554688,9.386719,0.000000,0.000000,0.000000,-220636
1113158,1.503906,1.554688,9.414063,0.000000,0.000000,0.000000,-220661
1113210,1.542969,1.554688,9.414063,0.000000,0.000000,0.000000,-220611
1113265,1.542969,1.593750,9.382813,0.000000,0.000000,0.000000,-220708
1113315,1.542969,1.593750,9.382813,0.000000,0.000000,0.000000,-220590
1113368,1.542969,1.593750,9.382813,0.000000,0.000000,0.000000,-220580
1113418,1.503906,1.593750,9.382813,0.000000,0.000000,0.000000,-220601
1113472,1.503906,1.593750,9.417969,0.000000,0.000000,0.000000,-220686
1113526,1.542969,1.554688,9.414063,0.000000,0.000000,0.000000,-220588
1113576,1.503906,1.593750,9.417969,0.000000,0.000000,0.000000,-220672
1113627,1.542969,1.593750,9.417969,0.000000,0.000000,0.000000,-220649
1113677,1.542969,1.593750,9.417969,0.000000,0.000000,0.000000,-220661
1113729,1.503906,1.554688,9.386719,0.000000,0.000000,0.000000,-220627
1113779,1.542969,1.554688,9.414063,0.000000,0.000000,0.000000,-220563
1113833,1.503906,1.593750,9.382813,0.000000,0.000000,0.000000,-220756
1113886,1.503906,1.593750,9.382813,0.000000,0.000000,0.000000,-220701
1113936,1.503906,1.593750,9.382813,0.000000,0.000000,0.000000,-220680
1113989,1.542969,1.554688,9.414063,0.000000,0.000000,0.000000,-220553
1114039,1.503906,1.554688,9.414063,0.000000,0.000000,0.000000,-220752
1114090,1.503906,1.554688,9.414063,0.000000,0.000000,0.000000,-220674
1114145,1.542969,1.593750,9.417969,0.000000,0.000000,0.000000,-220613
1114195,1.542969,1.554688,9.414063,0.000000,0.000000,0.000000,-220689
1114247,1.503906,1.593750,9.382813,0.000000,0.000000,0.000000,-220539
1114297,1.542969,1.554688,9.386719,0.000000,0.000000,0.000000,-220771
1114347,1.503906,1.593750,9.382813,0.000000,0.000000,0.000000,-220660
1114399,1.542969,1.593750,9.457031,0.000000,0.000000,0.000000,-220495
1114449,1.503906,1.593750,9.382813,0.000000,0.000000,0.000000,-220520
1114499,1.542969,1.593750,9.382813,0.000000,0.000000,0.000000,-220671
1114549,1.503906,1.593750,9.417969,0.000000,0.000000,0.000000,-220669
1114599,1.503906,1.593750,9.417969,0.000000,0.000000,0.000000,-220611
1114649,1.503906,1.593750,9.417969,0.000000,0.000000,0.000000,-220622
1114699,1.503906,1.593750,9.417969,0.000000,0.000000,0.000000,-220694
1114749,1.503906,1.554688,9.453125,0.000000,0.000000,0.000000,-220718
1114799,1.542969,1.554688,9.453125,0.000000,0.000000,0.000000,-220529
1114849,1.503906,1.593750,9.417969,0.000000,0.000000,0.000000,-220675
1114901,1.542969,1.593750,9.382813,0.000000,0.000000,0.000000,-220601
1114956,1.503906,1.593750,9.382813,0.000000,0.000000,0.000000,-220577
1115006,1.542969,1.593750,9.382813,0.000000,0.000000,0.000000,-220602
1115058,1.542969,1.593750,9.417969,0.000000,0.000000,0.000000,-220715
1115108,1.542969,1.593750,9.417969,0.000000,0.000000,0.000000,-220561
1115161,1.503906,1.593750,9.417969,0.000000,0.000000,0.000000,-220727
1115216,1.503906,1.593750,9.417969,0.000000,0.000000,0.000000,-220796
1115266,1.503906,1.554688,9.414063,0.000000,0.000000,0.000000,-220597
1115317,1.503906,1.554688,9.414063,0.000000,0.000000,0.000000,-220561
1115367,1.464844,1.554688,9.414063,0.000000,0.000000,0.000000,-220737
1115417,1.503906,1.593750,9.417969,0.000000,0.000000,0.000000,-220675
1115467,1.542969,1.554688,9.386719,0.000000,0.000000,0.000000,-220695
1115517,1.503906,1.593750,9.382813,0.000000,0.000000,0.000000,-220607
1115570,1.542969,1.593750,9.382813,0.000000,0.000000,0.000000,-220756
1115620,1.503906,1.593750,9.382813,0.000000,0.000000,0.000000,-220559
1115674,1.542969,1.593750,9.382813,0.000000,0.000000,0.000000,-220543
1115726,1.503906,1.554688,9.414063,0.000000,0.000000,0.000000,-220664
1115777,1.503906,1.593750,9.417969,0.000000,0.000000,0.000000,-220780
1115829,1.503906,1.554688,9.453125,0.000000,0.000000,0.000000,-220724
1115879,1.503906,1.554688,9.414063,0.000000,0.000000,0.000000,-220689
1115934,1.542969,1.593750,9.382813,0.000000,0.000000,0.000000,-220641
1115987,1.503906,1.554688,9.386719,0.000000,0.000000,0.000000,-220786
1116037,1.542969,1.593750,9.382813,0.000000,0.000000,0.000000,-220629
1116087,1.464844,1.593750,9.343750,0.000000,0.000000,0.000000,-220682
1116137,1.582031,1.593750,9.417969,0.000000,0.000000,0.000000,-220747
1116187,1.542969,1.593750,9.382813,0.000000,0.000000,0.000000,-220776
1116238,1.503906,1.593750,9.417969,0.000000,0.000000,0.000000,-220795
1116288,1.542969,1.593750,9.417969,0.000000,0.000000,0.000000,-220807
1116340,1.464844,1.593750,9.417969,0.000000,0.000000,0.000000,-220721
1116390,1.503906,1.554688,9.453125,0.000000,0.000000,0.000000,-220854
1116440,0.164062,4.886719,9.453125,0.000000,0.000000,0.000000,-220897
1116490,1.773438,2.359375,9.496094,-1.869141,-0.863281,-1.771484,-220874
1116540,1.464844,0.328125,9.187500,0.607422,0.464844,-1.222656,-220935
1116590,0.203125,7.570312,12.328125,8.937500,0.832031,-0.656250,-220956
1116640,2.386719,3.507813,18.730469,2.113281,3.289063,-3.562500,-220943
1116690,0.050781,3.660156,7.039062,0.988281,8.509766,-2.025391,-220826
1116741,-1.675781,0.058594,-0.578125,-1.509766,6.908203,-3.312500,-220891
1116791,-3.167969,-2.199219,-3.105469,-0.001953,-2.382813,2.230469,-220857
1116841,-3.707031,6.730469,3.597656,-1.689453,-9.619141,5.796875,-220985
1116891,5.066406,4.082031,24.824219,-3.861328,-10.830078,-1.341797,-220839
1116941,-0.410156,2.820313,15.246094,2.646484,8.175781,-0.812500,-220971
1116994,2.691406,1.937500,3.410156,3.853516,13.261719,-2.529297,-220923
1117044,-8.339844,-2.390625,-9.039063,-1.328125,-4.085937,1.933594,-220897
1117098,5.871094,5.882812,12.750000,-6.949219,-16.238281,2.640625,-220959
1117148,-0.257813,2.050781,31.949219,0.408203,3.601563,-2.761719,-220851
1117198,9.707031,-0.015625,-0.308594,5.916016,18.208984,-2.298828,-220835
1117248,-5.734375,-5.457031,-14.980469,-3.005859,-3.669922,3.921875,-220799
1117299,8.093750,7.414062,20.945312,-10.572266,-17.582031,2.021484,-220856
1117349,1.464844,-2.925781,29.574219,-0.119141,3.435547,-2.576172,-220976
1117399,9.667969,1.132813,1.183594,6.810547,18.025391,-0.742187,-220848
1117449,0.890625,-4.000000,-9.542969,-1.523438,-2.648438,2.416016,-220983
1117499,9.359375,5.613281,12.292969,-9.373047,-16.486328,2.373047,-220905
1117552,5.871094,-7.792969,36.195312,-2.013672,-2.894531,-4.242187,-220884
1117602,15.445313,1.554688,2.753906,7.591797,22.896484,2.285156,-220927
1117657,-3.511719,-7.449219,-14.332031,-2.355469,-3.496094,1.037109,-220889
1117708,11.234375,4.773437,14.476563,-9.425781,-18.144531,3.388672,-220913
1117759,6.062500,-7.832031,33.898437,-2.769531,-4.849609,-4.238281,-220891
1117811,13.035156,1.476563,6.277344,6.404297,19.431641,2.566406,-221071
1117861,-1.253906,-5.226562,-10.996094,4.587891,5.814453,-2.699219,-221024
1117915,6.906250,1.019531,4.746094,-6.638672,-16.455078,5.126953,-221005
1117968,8.554688,-5.687500,31.906250,-4.742187,-11.246094,-3.261719,-220994
1118018,12.269531,0.136719,17.121094,4.960937,15.710938,2.654297,-221088
1118070,1.886719,-2.085938,-7.207031,5.746094,11.750000,-3.580078,-220979
1118120,-1.292969,-6.101562,-3.296875,-2.890625,-5.429687,1.646484,-221004
1118170,10.160156,3.468750,15.207031,-7.878906,-15.902344,3.416016,-221085
1118220,5.183594,-3.808594,28.148437,-1.046875,-0.857422,-1.742188,-220968
1118270,10.195313,0.863281,8.003906,5.542969,15.869141,-1.083984,-221105
1118322,-1.828125,-4.382812,-7.402344,2.318359,4.591797,-2.070313,-221084
1118372,1.773438,0.097656,6.007812,-3.388672,-9.857422,4.373047,-221043
1118422,4.953125,1.937500,23.785156,-3.541016,-8.832031,0.708984,-220958
1118472,6.023437,1.363281,15.742188,3.751953,8.572266,-0.394531,-220972
1118522,1.351563,-2.125000,-2.839844,4.054687,9.074219,-3.472656,-221010
1118576,0.625000,-2.238281,2.523438,-1.931641,-7.765625,4.369141,-221124
1118628,4.222656,2.625000,22.902344,-4.517578,-9.083984,1.644531,-220881
1118678,5.296875,2.281250,16.960937,3.324219,8.685547,-0.851562,-220902
1118728,-0.410156,-2.695313,-2.226563,4.951172,7.066406,-3.826172,-220887
1118779,0.660156,-1.816406,4.214844,-2.166016,-7.345703,3.935547,-220971
1118829,4.914062,2.664063,22.097656,-4.697266,-8.679688,1.673828,-220943
1118880,5.566406,2.664063,12.632813,3.554688,9.697266,-1.068359,-220986
1118931,-1.062500,-3.847656,-2.035156,4.855469,5.974609,-3.748047,-221026
1118983,1.312500,-0.207031,7.921875,-3.134766,-7.257812,3.910156,-220985
1119033,2.234375,2.664063,21.789062,-3.380859,-5.593750,1.816406,-220893
1119083,3.687500,3.046875,11.183594,4.035156,8.474609,-1.982422,-220920
1119133,-1.980469,-4.535156,0.648437,1.937500,2.742188,-2.718750,-220927
1119183,-0.910156,1.402344,8.726563,-2.453125,-4.611328,3.097656,-220983
1119237,0.546875,3.238281,17.039062,-1.574219,0.099609,-0.046875,-220915
1119289,0.085937,1.132813,9.839844,1.972656,6.480469,-2.480469,-220845
1119339,-3.511719,-2.773438,0.035156,1.734375,2.203125,-1.076172,-220906
1119389,-2.480469,0.519531,6.433594,-1.845703,-4.935547,2.525391,-220905
1119439,-0.527344,4.312500,19.492187,-1.488281,-2.988281,1.306641,-220900
1119489,1.238281,3.699219,11.523438,3.062500,7.406250,-1.894531,-220918
1119542,-3.246094,-4.460937,-1.957031,2.492188,3.591797,-3.324219,-220885
1119592,-4.472656,-1.242188,1.527344,0.072266,-6.806641,5.460937,-220884
1119644,2.039063,6.304687,25.585937,-3.783203,-8.480469,2.619141,-220930
1119700,7.519531,2.433594,12.210938,3.042969,11.830078,-4.089844,-220862
1119750,-2.863281,-5.417969,-5.937500,2.197266,4.363281,-2.250000,-220873
1119801,1.773438,2.550781,6.277344,-3.964844,-9.716797,5.863281,-220777
1119851,2.003906,5.156250,22.675781,-3.304688,-6.089844,0.251953,-220913
1119904,3.687500,1.898438,11.828125,2.988281,8.853516,-2.574219,-220849
1119954,-0.945312,-1.855469,-1.765625,2.960938,6.816406,-2.072266,-220883
1120007,-1.289063,0.445312,0.609375,-3.035156,-7.929687,4.562500,-221019
1120059,1.773438,3.621094,27.964844,-4.214844,-9.080078,0.845703,-220958
1120109,6.253906,4.351562,21.332031,4.898437,14.164063,-3.298828,-220822
1120159,-1.445313,-6.566406,-6.171875,2.662109,7.378906,-4.058594,-220948
1120209,-1.714844,-1.281250,-3.296875,-3.951172,-8.263672,7.003906,-220769
