156729207,0.507812,1.937500,9.417969,0.001953,0.003906,0.003906,-219147
156779112,0.507812,1.937500,9.417969,0.001953,0.003906,0.003906,-219183
156829016,0.507812,1.937500,9.417969,0.001953,0.003906,0.003906,-219101
156879409,0.507812,1.937500,9.417969,0.001953,0.003906,0.003906,-219115
156929313,0.507812,1.937500,9.417969,0.001953,0.003906,0.003906,-219065
156979218,0.507812,1.937500,9.417969,0.001953,0.003906,0.003906,-219060
157029122,0.507812,1.937500,9.417969,0.001953,0.003906,0.003906,-219102
157079027,0.507812,1.937500,9.417969,0.001953,0.003906,0.003906,-219080
157129415,0.507812,1.937500,9.417969,0.001953,0.003906,0.003906,-219128
157179319,0.507812,1.937500,9.417969,0.001953,0.003906,0.003906,-219143
157229225,0.507812,1.937500,9.417969,0.001953,0.003906,0.003906,-219188
157279128,0.507812,1.937500,9.417969,0.001953,0.003906,0.003906,-219027
157329032,0.507812,1.937500,9.417969,0.001953,0.003906,0.003906,-219139
157379419,0.507812,1.937500,9.417969,0.001953,0.003906,0.003906,-218990
157429325,0.507812,1.937500,9.417969,0.001953,0.003906,0.003906,-219136
157479230,0.507812,1.937500,9.417969,0.001953,0.003906,0.003906,-219054
157529136,0.507812,1.937500,9.417969,0.001953,0.003906,0.003906,-219113
157579039,0.507812,1.937500,9.417969,0.001953,0.003906,0.003906,-219095
157629427,0.507812,1.937500,9.417969,0.001953,0.003906,0.003906,-219109
157679331,0.507812,1.937500,9.417969,0.001953,0.003906,0.003906,-219057
157729236,0.507812,1.937500,9.417969,0.001953,0.003906,0.003906,-219101
157779139,0.507812,1.937500,9.417969,0.001953,0.003906,0.003906,-219159
157829046,0.507812,1.937500,9.417969,0.001953,0.003906,0.003906,-219126
157879435,0.507812,1.937500,9.417969,0.001953,0.003906,0.003906,-219068
157929340,0.507812,1.937500,9.417969,0.001953,0.003906,0.003906,-219059
157979244,0.507812,1.937500,9.417969,0.001953,0.003906,0.003906,-219099
158029148,0.507812,1.937500,9.417969,0.001953,0.003906,0.003906,-219077
158079052,0.507812,1.937500,9.417969,0.001953,0.003906,0.003906,-219071
158129440,0.507812,1.937500,9.417969,0.001953,0.003906,0.003906,-219178
158179344,0.507812,1.937500,9.417969,0.001953,0.003906,0.003906,-219073
158229248,0.507812,1.937500,9.417969,0.001953,0.003906,0.003906,-219069
158279153,0.507812,1.937500,9.417969,0.001953,0.003906,0.003906,-219058
158329056,0.507812,1.937500,9.417969,0.001953,0.003906,0.003906,-219099
158379445,0.507812,1.937500,9.417969,0.001953,0.003906,0.003906,-219089
158429349,0.507812,1.937500,9.417969,0.001953,0.003906,0.003906,-219073
158479251,0.507812,1.937500,9.417969,0.001953,0.003906,0.003906,-219203
158529155,0.507812,1.937500,9.417969,0.001953,0.003906,0.003906,-219058
158579060,0.507812,1.937500,9.417969,0.001953,0.003906,0.003906,-219090
158629449,0.507812,1.937500,9.417969,0.001953,0.003906,0.003906,-219110
158679354,0.507812,1.937500,9.417969,0.001953,0.003906,0.003906,-219115
158729258,0.507812,1.937500,9.417969,0.001953,0.003906,0.003906,-219179
158779162,0.507812,1.937500,9.417969,0.001953,0.003906,0.003906,-219093
158829069,0.507812,1.937500,9.417969,0.001953,0.003906,0.003906,-219143
158879458,0.507812,1.937500,9.417969,0.001953,0.003906,0.003906,-219158
158929360,0.507812,1.937500,9.417969,0.001953,0.003906,0.003906,-219107
158979264,0.507812,1.937500,9.417969,0.001953,0.003906,0.003906,-219166
159029166,0.507812,1.937500,9.417969,0.001953,0.003906,0.003906,-219022
159079072,0.507812,1.937500,9.417969,0.001953,0.003906,0.003906,-219036
159129460,0.507812,1.937500,9.417969,0.001953,0.003906,0.003906,-219082
159179364,0.507812,1.937500,9.417969,0.001953,0.003906,0.003906,-219078
159229269,0.507812,1.937500,9.417969,0.001953,0.003906,0.003906,-219159
159279172,0.507812,1.937500,9.417969,0.001953,0.003906,0.003906,-219129
159329076,0.507812,1.937500,9.417969,0.001953,0.003906,0.003906,-219088
159379468,0.507812,1.937500,9.417969,0.001953,0.003906,0.003906,-219125
159429373,0.507812,1.937500,9.417969,0.001953,0.003906,0.003906,-219074
159479277,0.507812,1.937500,9.417969,0.001953,0.003906,0.003906,-219067
159529179,0.507812,1.937500,9.417969,0.001953,0.003906,0.003906,-219115
159579083,0.507812,1.937500,9.417969,0.001953,0.003906,0.003906,-219054
159629471,0.507812,1.937500,9.417969,0.001953,0.003906,0.003906,-219128
159679378,0.507812,1.937500,9.417969,0.001953,0.003906,0.003906,-219014
159729280,0.507812,1.937500,9.417969,0.001953,0.003906,0.003906,-219171
159779186,0.507812,1.937500,9.417969,0.001953,0.003906,0.003906,-219123
159829089,0.507812,1.937500,9.417969,0.001953,0.003906,0.003906,-219162
159879476,0.507812,1.937500,9.417969,0.001953,0.003906,0.003906,-219169
159929380,0.507812,1.937500,9.417969,0.001953,0.003906,0.003906,-219112
159979285,0.507812,1.937500,9.417969,0.001953,0.003906,0.003906,-219155
160029189,0.507812,1.937500,9.417969,0.001953,0.003906,0.003906,-219146
160079093,0.507812,1.937500,9.417969,0.001953,0.003906,0.003906,-218975
160129482,0.507812,1.937500,9.417969,0.001953,0.003906,0.003906,-219098
160179388,0.507812,1.937500,9.417969,0.001953,0.003906,0.003906,-219137
160229291,0.507812,1.937500,9.417969,0.001953,0.003906,0.003906,-219136
160279197,0.507812,1.937500,9.417969,0.001953,0.003906,0.003906,-219113
160329104,0.507812,1.937500,9.417969,0.001953,0.003906,0.003906,-218992
160379008,0.507812,1.937500,9.417969,0.001953,0.003906,0.003906,-219076
160429397,0.507812,1.937500,9.417969,0.001953,0.003906,0.003906,-219054
160479302,0.507812,1.937500,9.417969,0.001953,0.003906,0.003906,-219121
160529205,0.507812,1.937500,9.417969,0.001953,0.003906,0.003906,-219164
160579112,0.507812,1.937500,9.417969,0.001953,0.003906,0.003906,-219144
160629017,0.507812,1.937500,9.417969,0.001953,0.003906,0.003906,-219167
160679406,0.507812,1.937500,9.417969,0.001953,0.003906,0.003906,-219141
160729309,0.507812,1.937500,9.417969,0.001953,0.003906,0.003906,-219012
160779213,0.507812,1.937500,9.417969,0.001953,0.003906,0.003906,-219028
160829118,0.507812,1.937500,9.417969,0.001953,0.003906,0.003906,-219083
160879022,0.507812,1.937500,9.417969,0.001953,0.003906,0.003906,-219101
160929412,0.507812,1.937500,9.417969,0.001953,0.003906,0.003906,-219144
160979318,0.507812,1.937500,9.417969,0.001953,0.003906,0.003906,-219171
161029225,0.507812,1.937500,9.417969,0.001953,0.003906,0.003906,-219154
161079130,0.507812,1.937500,9.417969,0.001953,0.003906,0.003906,-219054
161129036,0.507812,1.937500,9.417969,0.001953,0.003906,0.003906,-219150
161179424,0.507812,1.937500,9.417969,0.001953,0.003906,0.003906,-219023
161229330,0.507812,1.937500,9.417969,0.001953,0.003906,0.003906,-219032
161279237,0.507812,1.937500,9.417969,0.001953,0.003906,0.003906,-219101
161329143,0.507812,1.937500,9.417969,0.001953,0.003906,0.003906,-219084
161379048,0.507812,1.937500,9.417969,0.001953,0.003906,0.003906,-219037
161429441,0.507812,1.937500,9.417969,0.001953,0.003906,0.003906,-219025
161479348,0.507812,1.937500,9.417969,0.001953,0.003906,0.003906,-219160
161529257,0.507812,1.937500,9.417969,0.001953,0.003906,0.003906,-218953
161579163,0.507812,1.937500,9.417969,0.001953,0.003906,0.003906,-219094
161629070,0.507812,1.937500,9.417969,0.001953,0.003906,0.003906,-219036
161679460,0.507812,1.937500,9.417969,0.001953,0.003906,0.003906,-219036
161729367,0.507812,1.937500,9.417969,0.001953,0.003906,0.003906,-219151
161779272,0.507812,1.937500,9.417969,0.001953,0.003906,0.003906,-219105
161829178,0.507812,1.937500,9.417969,0.001953,0.003906,0.003906,-219017
161879084,0.507812,1.937500,9.417969,0.001953,0.003906,0.003906,-219153
161929473,0.507812,1.937500,9.417969,0.001953,0.003906,0.003906,-219116
161979380,0.507812,1.937500,9.417969,0.001953,0.003906,0.003906,-219141
162029284,0.507812,1.937500,9.417969,0.001953,0.003906,0.003906,-219062
162079192,0.507812,1.937500,9.417969,0.001953,0.003906,0.003906,-219108
162129101,0.507812,1.937500,9.417969,0.001953,0.003906,0.003906,-219022
162179007,0.507812,1.937500,9.417969,0.001953,0.003906,0.003906,-219068
162229399,0.507812,1.937500,9.417969,0.001953,0.003906,0.003906,-219034
162279305,0.507812,1.937500,9.417969,0.001953,0.003906,0.003906,-219074
162329211,0.507812,1.937500,9.417969,0.001953,0.003906,0.003906,-219142
162379117,0.507812,1.937500,9.417969,0.001953,0.003906,0.003906,-219139
162429027,0.507812,1.937500,9.417969,0.001953,0.003906,0.003906,-219152
162479419,0.507812,1.937500,9.417969,0.001953,0.003906,0.003906,-219033
162529326,0.507812,1.937500,9.417969,0.001953,0.003906,0.003906,-219092
162579232,0.507812,1.937500,9.417969,0.001953,0.003906,0.003906,-219051
162629138,0.507812,1.937500,9.417969,0.001953,0.003906,0.003906,-219060
162679043,0.507812,1.937500,9.417969,0.001953,0.003906,0.003906,-219078
162729438,0.507812,1.937500,9.417969,0.001953,0.003906,0.003906,-219100
162779344,0.507812,1.937500,9.417969,0.001953,0.003906,0.003906,-219085
162829249,0.507812,1.937500,9.417969,0.001953,0.003906,0.003906,-219205
162879154,0.507812,1.937500,9.417969,0.001953,0.003906,0.003906,-219139
162929063,0.507812,1.937500,9.417969,0.001953,0.003906,0.003906,-219128
162979453,0.507812,1.937500,9.417969,0.001953,0.003906,0.003906,-219107
163029361,0.507812,1.937500,9.417969,0.001953,0.003906,0.003906,-219122
163079266,0.507812,1.937500,9.417969,0.001953,0.003906,0.003906,-219096
163129176,0.507812,1.937500,9.417969,0.001953,0.003906,0.003906,-219083
163179084,0.507812,1.937500,9.417969,0.001953,0.003906,0.003906,-219133
163229474,0.507812,1.937500,9.417969,0.001953,0.003906,0.003906,-219084
163279380,0.507812,1.937500,9.417969,0.001953,0.003906,0.003906,-219017
163329287,0.507812,1.937500,9.417969,0.001953,0.003906,0.003906,-219142
163379193,0.507812,1.937500,9.417969,0.001953,0.003906,0.003906,-219118
163429100,0.507812,1.937500,9.417969,0.001953,0.003906,0.003906,-218990
163479005,0.507812,1.937500,9.417969,0.001953,0.003906,0.003906,-219016
163529394,0.507812,1.937500,9.417969,0.001953,0.003906,0.003906,-219079
163579300,0.507812,1.937500,9.417969,0.001953,0.003906,0.003906,-219257
163629208,0.507812,1.937500,9.417969,0.001953,0.003906,0.003906,-219175
163679116,0.507812,1.937500,9.417969,0.001953,0.003906,0.003906,-219332
163729007,0.507812,1.937500,9.417969,0.001953,0.003906,0.003906,-219332
163779411,0.507812,1.937500,9.417969,0.001953,0.003906,0.003906,-219375
163829303,0.507812,1.937500,9.417969,0.001953,0.003906,0.003906,-219375
163879209,0.507812,1.937500,9.417969,0.001953,0.003906,0.003906,-219388
163929118,0.507812,1.937500,9.417969,0.001953,0.003906,0.003906,-219460
163979024,0.507812,1.937500,9.417969,0.001953,0.003906,0.003906,-219346
164029415,0.507812,1.937500,9.417969,0.001953,0.003906,0.003906,-219516
164079322,0.507812,1.937500,9.417969,0.001953,0.003906,0.003906,-219400
164129228,0.507812,1.937500,9.417969,0.001953,0.003906,0.003906,-219454
164179133,0.507812,1.937500,9.417969,0.001953,0.003906,0.003906,-219415
164229042,0.507812,1.937500,9.417969,0.001953,0.003906,0.003906,-219642
164279434,0.507812,1.937500,9.417969,0.001953,0.003906,0.003906,-219470
164329342,0.507812,1.937500,9.417969,0.001953,0.003906,0.003906,-219574
164379247,0.507812,1.937500,9.417969,0.001953,0.003906,0.003906,-219562
164429153,0.507812,1.937500,9.417969,0.001953,0.003906,0.003906,-219553
164479060,0.507812,1.937500,9.417969,0.001953,0.003906,0.003906,-219484
164529452,0.507812,1.937500,9.417969,0.001953,0.003906,0.003906,-219541
164579357,0.507812,1.937500,9.417969,0.001953,0.003906,0.003906,-219538
164629264,0.507812,1.937500,9.417969,0.001953,0.003906,0.003906,-219413
164679172,0.507812,1.937500,9.417969,0.001953,0.003906,0.003906,-219475
164729077,0.507812,1.937500,9.417969,0.001953,0.003906,0.003906,-219512
164779466,0.507812,1.937500,9.417969,0.001953,0.003906,0.003906,-219645
164829374,0.507812,1.937500,9.417969,0.001953,0.003906,0.003906,-219625
164879280,0.507812,1.937500,9.417969,0.001953,0.003906,0.003906,-219583
164929185,0.507812,1.937500,9.417969,0.001953,0.003906,0.003906,-219612
164979090,0.507812,1.937500,9.417969,0.001953,0.003906,0.003906,-219620
165029478,0.507812,1.937500,9.417969,0.001953,0.003906,0.003906,-219564
165079383,0.507812,1.937500,9.417969,0.001953,0.003906,0.003906,-219447
165129292,0.507812,1.937500,9.417969,0.001953,0.003906,0.003906,-219559
165179199,0.507812,1.937500,9.417969,0.001953,0.003906,0.003906,-219516
165229105,0.507812,1.937500,9.417969,0.001953,0.003906,0.003906,-219458
165279012,0.507812,1.937500,9.417969,0.001953,0.003906,0.003906,-219566
165329404,0.507812,1.937500,9.417969,0.001953,0.003906,0.003906,-219460
165379309,0.507812,1.937500,9.417969,0.001953,0.003906,0.003906,-219409
165429219,0.507812,1.937500,9.417969,0.001953,0.003906,0.003906,-219567
165479128,0.507812,1.937500,9.417969,0.001953,0.003906,0.003906,-219561
165529036,0.507812,1.937500,9.417969,0.001953,0.003906,0.003906,-219463
165579426,0.507812,1.937500,9.417969,0.001953,0.003906,0.003906,-219545
165629334,0.507812,1.937500,9.417969,0.001953,0.003906,0.003906,-219516
165679241,0.507812,1.937500,9.417969,0.001953,0.003906,0.003906,-219522
165729150,0.507812,1.937500,9.417969,0.001953,0.003906,0.003906,-219381
165779056,0.507812,1.937500,9.417969,0.001953,0.003906,0.003906,-219507
165829445,0.507812,1.937500,9.417969,0.001953,0.003906,0.003906,-219425
165879354,0.507812,1.937500,9.417969,0.001953,0.003906,0.003906,-219510
165929259,0.507812,1.937500,9.417969,0.001953,0.003906,0.003906,-219527
165979166,0.507812,1.937500,9.417969,0.001953,0.003906,0.003906,-219462
166029074,0.507812,1.937500,9.417969,0.001953,0.003906,0.003906,-219488
166079465,0.507812,1.937500,9.417969,0.001953,0.003906,0.003906,-219577
166129370,0.507812,1.937500,9.417969,0.001953,0.003906,0.003906,-219346
166179275,0.507812,1.937500,9.417969,0.001953,0.003906,0.003906,-219511
166229185,0.507812,1.937500,9.417969,0.001953,0.003906,0.003906,-219482
166279093,0.507812,1.937500,9.417969,0.001953,0.003906,0.003906,-219525
166329002,0.507812,1.937500,9.417969,0.001953,0.003906,0.003906,-219429
166379394,0.507812,1.937500,9.417969,0.001953,0.003906,0.003906,-219405
166429303,0.507812,1.937500,9.417969,0.001953,0.003906,0.003906,-219333
166479209,0.507812,1.937500,9.417969,0.001953,0.003906,0.003906,-219523
166529117,0.507812,1.937500,9.417969,0.001953,0.003906,0.003906,-219446
166579024,0.507812,1.937500,9.417969,0.001953,0.003906,0.003906,-219411
166629417,0.507812,1.937500,9.417969,0.001953,0.003906,0.003906,-219451
166679325,0.507812,1.937500,9.417969,0.001953,0.003906,0.003906,-219444
166729231,0.507812,1.937500,9.417969,0.001953,0.003906,0.003906,-219485
166779138,0.507812,1.937500,9.417969,0.001953,0.003906,0.003906,-219445
166829044,0.507812,1.937500,9.417969,0.001953,0.003906,0.003906,-219473
166879435,0.507812,1.937500,9.417969,0.001953,0.003906,0.003906,-219382
166929344,0.507812,1.937500,9.417969,0.001953,0.003906,0.003906,-219493
166979252,0.507812,1.937500,9.417969,0.001953,0.003906,0.003906,-219464
167029160,0.507812,1.937500,9.417969,0.001953,0.003906,0.003906,-219348
167079067,0.507812,1.937500,9.417969,0.001953,0.003906,0.003906,-219515
167129456,0.507812,1.937500,9.417969,0.001953,0.003906,0.003906,-219311
167179364,0.507812,1.937500,9.417969,0.001953,0.003906,0.003906,-219384
167229269,0.507812,1.937500,9.417969,0.001953,0.003906,0.003906,-219543
167279177,0.507812,1.937500,9.417969,0.001953,0.003906,0.003906,-219428
167329083,0.507812,1.937500,9.417969,0.001953,0.003906,0.003906,-219470
167379475,0.507812,1.937500,9.417969,0.001953,0.003906,0.003906,-219520
167429380,0.507812,1.937500,9.417969,0.001953,0.003906,0.003906,-219393
167479285,0.507812,1.937500,9.417969,0.001953,0.003906,0.003906,-219486
167529190,0.507812,1.937500,9.417969,0.001953,0.003906,0.003906,-219448
167579096,0.507812,1.937500,9.417969,0.001953,0.003906,0.003906,-219379
167629003,0.507812,1.937500,9.417969,0.001953,0.003906,0.003906,-219330
167679391,0.507812,1.937500,9.417969,0.001953,0.003906,0.003906,-219390
167729295,0.507812,1.937500,9.417969,0.001953,0.003906,0.003906,-219316
167779202,0.507812,1.937500,9.417969,0.001953,0.003906,0.003906,-219583
167829109,0.507812,1.937500,9.417969,0.001953,0.003906,0.003906,-219466
167879019,0.507812,1.937500,9.417969,0.001953,0.003906,0.003906,-219520
167929411,0.507812,1.937500,9.417969,0.001953,0.003906,0.003906,-219438
167979320,0.507812,1.937500,9.417969,0.001953,0.003906,0.003906,-219459
168029226,0.507812,1.937500,9.417969,0.001953,0.003906,0.003906,-219481
168079132,0.507812,1.937500,9.417969,0.001953,0.003906,0.003906,-219441
168129040,0.507812,1.937500,9.417969,0.001953,0.003906,0.003906,-219413
168179431,0.507812,1.937500,9.417969,0.001953,0.003906,0.003906,-219464
168229340,0.507812,1.937500,9.417969,0.001953,0.003906,0.003906,-219519
168279245,0.507812,1.937500,9.417969,0.001953,0.003906,0.003906,-219453
168329151,0.507812,1.937500,9.417969,0.001953,0.003906,0.003906,-219417
168379058,0.507812,1.937500,9.417969,0.001953,0.003906,0.003906,-219508
168429449,0.507812,1.937500,9.417969,0.001953,0.003906,0.003906,-219444
168479356,0.507812,1.937500,9.417969,0.001953,0.003906,0.003906,-219486
168529262,0.507812,1.937500,9.417969,0.001953,0.003906,0.003906,-219540
168579168,0.507812,1.937500,9.417969,0.001953,0.003906,0.003906,-219505
168629073,0.507812,1.937500,9.417969,0.001953,0.003906,0.003906,-219447
168679462,0.507812,1.937500,9.417969,0.001953,0.003906,0.003906,-219540
168729370,0.507812,1.937500,9.417969,0.001953,0.003906,0.003906,-219615
168779278,0.507812,1.937500,9.417969,0.001953,0.003906,0.003906,-219496
168829184,0.507812,1.937500,9.417969,0.001953,0.003906,0.003906,-219524
168879089,0.507812,1.937500,9.417969,0.001953,0.003906,0.003906,-219437
168929481,0.507812,1.937500,9.417969,0.001953,0.003906,0.003906,-219462
168979388,0.507812,1.937500,9.417969,0.001953,0.003906,0.003906,-219466
169029293,0.507812,1.937500,9.417969,0.001953,0.003906,0.003906,-219441
169079200,0.507812,1.937500,9.417969,0.001953,0.003906,0.003906,-219423
169129105,0.507812,1.937500,9.417969,0.001953,0.003906,0.003906,-219552
169179011,0.507812,1.937500,9.417969,0.001953,0.003906,0.003906,-219527
169229400,0.507812,1.937500,9.417969,0.001953,0.003906,0.003906,-219397
169279305,0.507812,1.937500,9.417969,0.001953,0.003906,0.003906,-219506
169329212,0.507812,1.937500,9.417969,0.001953,0.003906,0.003906,-219518
169379119,0.507812,1.937500,9.417969,0.001953,0.003906,0.003906,-219492
169429029,0.507812,1.937500,9.417969,0.001953,0.003906,0.003906,-219563
169479419,0.507812,1.937500,9.417969,0.001953,0.003906,0.003906,-219499
169529325,0.507812,1.937500,9.417969,0.001953,0.003906,0.003906,-219379
169579233,0.507812,1.937500,9.417969,0.001953,0.003906,0.003906,-219478
169629139,0.507812,1.937500,9.417969,0.001953,0.003906,0.003906,-219570
169679044,0.507812,1.937500,9.417969,0.001953,0.003906,0.003906,-219539
169729436,0.507812,1.937500,9.417969,0.001953,0.003906,0.003906,-219431
169779342,0.507812,1.937500,9.417969,0.001953,0.003906,0.003906,-219468
169829247,0.507812,1.937500,9.417969,0.001953,0.003906,0.003906,-219579
169879155,0.507812,1.937500,9.417969,0.001953,0.003906,0.003906,-219492
169929061,0.507812,1.937500,9.417969,0.001953,0.003906,0.003906,-219430
169979451,0.507812,1.937500,9.417969,0.001953,0.003906,0.003906,-219515
170029359,0.507812,1.937500,9.417969,0.001953,0.003906,0.003906,-219497
170079266,0.507812,1.937500,9.417969,0.001953,0.003906,0.003906,-219497
170129172,0.507812,1.937500,9.417969,0.001953,0.003906,0.003906,-219382
170179077,0.507812,1.937500,9.417969,0.001953,0.003906,0.003906,-219569
170229469,0.507812,1.937500,9.417969,0.001953,0.003906,0.003906,-219472
170279377,0.507812,1.937500,9.417969,0.001953,0.003906,0.003906,-219568
170329283,0.507812,1.937500,9.417969,0.001953,0.003906,0.003906,-219475
170379189,0.507812,1.937500,9.417969,0.001953,0.003906,0.003906,-219540
170429096,0.507812,1.937500,9.417969,0.001953,0.003906,0.003906,-219546
170479003,0.507812,1.937500,9.417969,0.001953,0.003906,0.003906,-219495
170529396,0.507812,1.937500,9.417969,0.001953,0.003906,0.003906,-219456
170579301,0.507812,1.937500,9.417969,0.001953,0.003906,0.003906,-219514
170629207,0.507812,1.937500,9.417969,0.001953,0.003906,0.003906,-219446
170679114,0.507812,1.937500,9.417969,0.001953,0.003906,0.003906,-219417
170729019,0.507812,1.937500,9.417969,0.001953,0.003906,0.003906,-219531
170779410,0.507812,1.937500,9.417969,0.001953,0.003906,0.003906,-219539
170829317,0.507812,1.937500,9.417969,0.001953,0.003906,0.003906,-219441
170879224,0.507812,1.937500,9.417969,0.001953,0.003906,0.003906,-219431
170929130,0.507812,1.937500,9.417969,0.001953,0.003906,0.003906,-219473
170979036,0.507812,1.937500,9.417969,0.001953,0.003906,0.003906,-219502
171029427,0.507812,1.937500,9.417969,0.001953,0.003906,0.003906,-219551
171079332,0.507812,1.937500,9.417969,0.001953,0.003906,0.003906,-219537
171129240,0.507812,1.937500,9.417969,0.001953,0.003906,0.003906,-219567
171179145,0.507812,1.937500,9.417969,0.001953,0.003906,0.003906,-219465
171229051,0.507812,1.937500,9.417969,0.001953,0.003906,0.003906,-219494
171279441,0.507812,1.937500,9.417969,0.001953,0.003906,0.003906,-219495
171329345,0.507812,1.937500,9.417969,0.001953,0.003906,0.003906,-219554
171379252,0.507812,1.937500,9.417969,0.001953,0.003906,0.003906,-219522
171429158,0.507812,1.937500,9.417969,0.001953,0.003906,0.003906,-219559
171479065,0.507812,1.937500,9.417969,0.001953,0.003906,0.003906,-219466
171529455,0.507812,1.937500,9.417969,0.001953,0.003906,0.003906,-219575
171579364,0.507812,1.937500,9.417969,0.001953,0.003906,0.003906,-219460
171629270,0.507812,1.937500,9.417969,0.001953,0.003906,0.003906,-219247
171679176,0.507812,1.937500,9.417969,0.001953,0.003906,0.003906,-219400
171729085,0.507812,1.937500,9.417969,0.001953,0.003906,0.003906,-219471
171779478,0.507812,1.937500,9.417969,0.001953,0.003906,0.003906,-219417
171829383,0.507812,1.937500,9.417969,0.001953,0.003906,0.003906,-219470
171879291,0.507812,1.937500,9.417969,0.001953,0.003906,0.003906,-219480
171929200,0.507812,1.937500,9.417969,0.001953,0.003906,0.003906,-219435
171979108,0.507812,1.937500,9.417969,0.001953,0.003906,0.003906,-219470
172029017,0.507812,1.937500,9.417969,0.001953,0.003906,0.003906,-219510
172079407,0.507812,1.937500,9.417969,0.001953,0.003906,0.003906,-219553
172129313,0.507812,1.937500,9.417969,0.001953,0.003906,0.003906,-219483
172179219,0.507812,1.937500,9.417969,0.001953,0.003906,0.003906,-219495
172229125,0.507812,1.937500,9.417969,0.001953,0.003906,0.003906,-219530
172279031,0.507812,1.937500,9.417969,0.001953,0.003906,0.003906,-219530
172329422,0.507812,1.937500,9.417969,0.001953,0.003906,0.003906,-219644
172379330,0.507812,1.937500,9.417969,0.001953,0.003906,0.003906,-219496
172429237,0.507812,1.937500,9.417969,0.001953,0.003906,0.003906,-219407
172479143,0.507812,1.937500,9.417969,0.001953,0.003906,0.003906,-219466
172529050,0.507812,1.937500,9.417969,0.001953,0.003906,0.003906,-219519
172579442,0.507812,1.937500,9.417969,0.001953,0.003906,0.003906,-219672
172629347,0.507812,1.937500,9.417969,0.001953,0.003906,0.003906,-219505
172679255,0.507812,1.937500,9.417969,0.001953,0.003906,0.003906,-219548
172729166,0.507812,1.937500,9.417969,0.001953,0.003906,0.003906,-219463
172779074,0.507812,1.937500,9.417969,0.001953,0.003906,0.003906,-219586
172829467,0.507812,1.937500,9.417969,0.001953,0.003906,0.003906,-219561
172879374,0.507812,1.937500,9.417969,0.001953,0.003906,0.003906,-219597
172929284,0.507812,1.937500,9.417969,0.001953,0.003906,0.003906,-219582
172979190,0.507812,1.937500,9.417969,0.001953,0.003906,0.003906,-219758
173029097,0.507812,1.937500,9.417969,0.001953,0.003906,0.003906,-219552
173079003,0.507812,1.937500,9.417969,0.001953,0.003906,0.003906,-219627
173129395,0.507812,1.937500,9.417969,0.001953,0.003906,0.003906,-219746
173179301,0.507812,1.937500,9.417969,0.001953,0.003906,0.003906,-219638
173229210,0.507812,1.937500,9.417969,0.001953,0.003906,0.003906,-219628
173279117,0.507812,1.937500,9.417969,0.001953,0.003906,0.003906,-219628
173329023,0.507812,1.937500,9.417969,0.001953,0.003906,0.003906,-219683
173379415,0.507812,1.937500,9.417969,0.001953,0.003906,0.003906,-219567
173429323,0.507812,1.937500,9.417969,0.001953,0.003906,0.003906,-219650
173479232,0.507812,1.937500,9.417969,0.001953,0.003906,0.003906,-219671
173529141,0.507812,1.937500,9.417969,0.001953,0.003906,0.003906,-219688
173579048,0.507812,1.937500,9.417969,0.001953,0.003906,0.003906,-219616
173629442,0.507812,1.937500,9.417969,0.001953,0.003906,0.003906,-219772
173679347,0.507812,1.937500,9.417969,0.001953,0.003906,0.003906,-219666
173729253,0.507812,1.937500,9.417969,0.001953,0.003906,0.003906,-219650
173779160,0.507812,1.937500,9.417969,0.001953,0.003906,0.003906,-219669
173829070,0.507812,1.937500,9.417969,0.001953,0.003906,0.003906,-219719
173879460,0.507812,1.937500,9.417969,0.001953,0.003906,0.003906,-219691
173929366,0.507812,1.937500,9.417969,0.001953,0.003906,0.003906,-219762
173979272,0.507812,1.937500,9.417969,0.001953,0.003906,0.003906,-219742
174029177,0.507812,1.937500,9.417969,0.001953,0.003906,0.003906,-219722
174079087,0.507812,1.937500,9.417969,0.001953,0.003906,0.003906,-219765
174129478,0.507812,1.937500,9.417969,0.001953,0.003906,0.003906,-219678
174179386,0.507812,1.937500,9.417969,0.001953,0.003906,0.003906,-219771
174229291,0.507812,1.937500,9.417969,0.001953,0.003906,0.003906,-219564
174279197,0.507812,1.937500,9.417969,0.001953,0.003906,0.003906,-219685
174329104,0.507812,1.937500,9.417969,0.001953,0.003906,0.003906,-219598
174379011,0.507812,1.937500,9.417969,0.001953,0.003906,0.003906,-219698
174429403,0.507812,1.937500,9.417969,0.001953,0.003906,0.003906,-219675
174479311,0.507812,1.937500,9.417969,0.001953,0.003906,0.003906,-219640
174529220,0.507812,1.937500,9.417969,0.001953,0.003906,0.003906,-219689
174579126,0.507812,1.937500,9.417969,0.001953,0.003906,0.003906,-219775
174629032,0.507812,1.937500,9.417969,0.001953,0.003906,0.003906,-219631
174679422,0.507812,1.937500,9.417969,0.001953,0.003906,0.003906,-219587
174729331,0.507812,1.937500,9.417969,0.001953,0.003906,0.003906,-219693
174779239,0.507812,1.937500,9.417969,0.001953,0.003906,0.003906,-219725
174829146,0.507812,1.937500,9.417969,0.001953,0.003906,0.003906,-219750
174879051,0.507812,1.937500,9.417969,0.001953,0.003906,0.003906,-219561
174929442,0.507812,1.937500,9.417969,0.001953,0.003906,0.003906,-219701
174979349,0.507812,1.937500,9.417969,0.001953,0.003906,0.003906,-219560
175029258,0.507812,1.937500,9.417969,0.001953,0.003906,0.003906,-219629
175079166,0.507812,1.937500,9.417969,0.001953,0.003906,0.003906,-219566
175129076,0.507812,1.937500,9.417969,0.001953,0.003906,0.003906,-219619
175179466,0.507812,1.937500,9.417969,0.001953,0.003906,0.003906,-219593
175229371,0.507812,1.937500,9.417969,0.001953,0.003906,0.003906,-219532
175279277,0.507812,1.937500,9.417969,0.001953,0.003906,0.003906,-219646
175329184,0.507812,1.937500,9.417969,0.001953,0.003906,0.003906,-219681
175379090,0.507812,1.937500,9.417969,0.001953,0.003906,0.003906,-219716
175429480,0.507812,1.937500,9.417969,0.001953,0.003906,0.003906,-219701
175479387,0.507812,1.937500,9.417969,0.001953,0.003906,0.003906,-219688
175529292,0.507812,1.937500,9.417969,0.001953,0.003906,0.003906,-219616
175579198,0.507812,1.937500,9.417969,0.001953,0.003906,0.003906,-219668
175629105,0.507812,1.937500,9.417969,0.001953,0.003906,0.003906,-219616
175679011,0.507812,1.937500,9.417969,0.001953,0.003906,0.003906,-219597
175729405,0.507812,1.937500,9.417969,0.001953,0.003906,0.003906,-219729
175779311,0.507812,1.937500,9.417969,0.001953,0.003906,0.003906,-219734
175829220,0.507812,1.937500,9.417969,0.001953,0.003906,0.003906,-219707
175879125,0.507812,1.937500,9.417969,0.001953,0.003906,0.003906,-219769
175929032,0.507812,1.937500,9.417969,0.001953,0.003906,0.003906,-219595
175979422,0.507812,1.937500,9.417969,0.001953,0.003906,0.003906,-219595
176029327,0.507812,1.937500,9.417969,0.001953,0.003906,0.003906,-219678
176079233,0.507812,1.937500,9.417969,0.001953,0.003906,0.003906,-219588
176129138,0.507812,1.937500,9.417969,0.001953,0.003906,0.003906,-219568
176179045,0.507812,1.937500,9.417969,0.001953,0.003906,0.003906,-219488
176229436,0.507812,1.937500,9.417969,0.001953,0.003906,0.003906,-219502
176279342,0.507812,1.937500,9.417969,0.001953,0.003906,0.003906,-219411
176329248,0.507812,1.937500,9.417969,0.001953,0.003906,0.003906,-219388
176379153,0.507812,1.937500,9.417969,0.001953,0.003906,0.003906,-219546
176429059,0.507812,1.937500,9.417969,0.001953,0.003906,0.003906,-219378
176479450,0.507812,1.937500,9.417969,0.001953,0.003906,0.003906,-219438
176529359,0.507812,1.937500,9.417969,0.001953,0.003906,0.003906,-219512
176579264,0.507812,1.937500,9.417969,0.001953,0.003906,0.003906,-219428
176629171,0.507812,1.937500,9.417969,0.001953,0.003906,0.003906,-219455
176679079,0.507812,1.937500,9.417969,0.001953,0.003906,0.003906,-219478
176729468,0.507812,1.937500,9.417969,0.001953,0.003906,0.003906,-219488
176779374,0.507812,1.937500,9.417969,0.001953,0.003906,0.003906,-219499
176829283,0.507812,1.937500,9.417969,0.001953,0.003906,0.003906,-219561
176879188,0.507812,1.937500,9.417969,0.001953,0.003906,0.003906,-219482
176929093,0.507812,1.937500,9.417969,0.001953,0.003906,0.003906,-219458
176979483,0.507812,1.937500,9.417969,0.001953,0.003906,0.003906,-219551
177029388,0.507812,1.937500,9.417969,0.001953,0.003906,0.003906,-219399
177079295,0.507812,1.937500,9.417969,0.001953,0.003906,0.003906,-219556
177129206,0.507812,1.937500,9.417969,0.001953,0.003906,0.003906,-219509
177179112,0.507812,1.937500,9.417969,0.001953,0.003906,0.003906,-219492
177229017,0.507812,1.937500,9.417969,0.001953,0.003906,0.003906,-219526
177279407,0.507812,1.937500,9.417969,0.001953,0.003906,0.003906,-219538
177329312,0.507812,1.937500,9.417969,0.001953,0.003906,0.003906,-219556
177379218,0.507812,1.937500,9.417969,0.001953,0.003906,0.003906,-219433
177429127,0.507812,1.937500,9.417969,0.001953,0.003906,0.003906,-219373
177479032,0.507812,1.937500,9.417969,0.001953,0.003906,0.003906,-219506
177529424,0.507812,1.937500,9.417969,0.001953,0.003906,0.003906,-219480
177579331,0.507812,1.937500,9.417969,0.001953,0.003906,0.003906,-219466
177629236,0.507812,1.937500,9.417969,0.001953,0.003906,0.003906,-219438
177679142,0.507812,1.937500,9.417969,0.001953,0.003906,0.003906,-219510
177729054,0.507812,1.937500,9.417969,0.001953,0.003906,0.003906,-219456
177779445,0.507812,1.937500,9.417969,0.001953,0.003906,0.003906,-219402
177829352,0.507812,1.937500,9.417969,0.001953,0.003906,0.003906,-219471
177879260,0.507812,1.937500,9.417969,0.001953,0.003906,0.003906,-219342
177929164,0.507812,1.937500,9.417969,0.001953,0.003906,0.003906,-219355
177979070,0.507812,1.937500,9.417969,0.001953,0.003906,0.003906,-219545
178029462,0.507812,1.937500,9.417969,0.001953,0.003906,0.003906,-219540
178079367,0.507812,1.937500,9.417969,0.001953,0.003906,0.003906,-219462
178129274,0.507812,1.937500,9.417969,0.001953,0.003906,0.003906,-219538
178179181,0.507812,1.937500,9.417969,0.001953,0.003906,0.003906,-219679
178229088,0.507812,1.937500,9.417969,0.001953,0.003906,0.003906,-219584
178279476,0.507812,1.937500,9.417969,0.001953,0.003906,0.003906,-219458
178329387,0.507812,1.937500,9.417969,0.001953,0.003906,0.003906,-219676
178379294,0.507812,1.937500,9.417969,0.001953,0.003906,0.003906,-219589
178429201,0.507812,1.937500,9.417969,0.001953,0.003906,0.003906,-219617
178479108,0.507812,1.937500,9.417969,0.001953,0.003906,0.003906,-219552
178529016,0.507812,1.937500,9.417969,0.001953,0.003906,0.003906,-219626
178579407,0.507812,1.937500,9.417969,0.001953,0.003906,0.003906,-219658
178629316,0.507812,1.937500,9.417969,0.001953,0.003906,0.003906,-219525
178679222,0.507812,1.937500,9.417969,0.001953,0.003906,0.003906,-219674
178729129,0.507812,1.937500,9.417969,0.001953,0.003906,0.003906,-219667
178779035,0.507812,1.937500,9.417969,0.001953,0.003906,0.003906,-219683
178829426,0.507812,1.937500,9.417969,0.001953,0.003906,0.003906,-219549
178879335,0.507812,1.937500,9.417969,0.001953,0.003906,0.003906,-219582
178929247,0.507812,1.937500,9.417969,0.001953,0.003906,0.003906,-219569
178979153,0.507812,1.937500,9.417969,0.001953,0.003906,0.003906,-219523
179029059,0.507812,1.937500,9.417969,0.001953,0.003906,0.003906,-219653
179079451,0.507812,1.937500,9.417969,0.001953,0.003906,0.003906,-219675
179129357,0.507812,1.937500,9.417969,0.001953,0.003906,0.003906,-219704
179179261,0.507812,1.937500,9.417969,0.001953,0.003906,0.003906,-219690
179229167,0.507812,1.937500,9.417969,0.001953,0.003906,0.003906,-219717
179279072,0.507812,1.937500,9.417969,0.001953,0.003906,0.003906,-219552
179329465,0.507812,1.937500,9.417969,0.001953,0.003906,0.003906,-219669
179379370,0.507812,1.937500,9.417969,0.001953,0.003906,0.003906,-219620
179429275,0.507812,1.937500,9.417969,0.001953,0.003906,0.003906,-219578
179479179,0.507812,1.937500,9.417969,0.001953,0.003906,0.003906,-219507
179529086,0.507812,1.937500,9.417969,0.001953,0.003906,0.003906,-219612
179579477,0.507812,1.937500,9.417969,0.001953,0.003906,0.003906,-219547
179629383,0.507812,1.937500,9.417969,0.001953,0.003906,0.003906,-219626
179679291,0.507812,1.937500,9.417969,0.001953,0.003906,0.003906,-219610
179729197,0.507812,1.937500,9.417969,0.001953,0.003906,0.003906,-219655
179779102,0.507812,1.937500,9.417969,0.001953,0.003906,0.003906,-219598
179829010,0.507812,1.937500,9.417969,0.001953,0.003906,0.003906,-219672
179879403,0.507812,1.937500,9.417969,0.001953,0.003906,0.003906,-219634
179929308,0.507812,1.937500,9.417969,0.001953,0.003906,0.003906,-219585
179979214,0.507812,1.937500,9.417969,0.001953,0.003906,0.003906,-219575
180029118,0.507812,1.937500,9.417969,0.001953,0.003906,0.003906,-219636
180079022,0.507812,1.937500,9.417969,0.001953,0.003906,0.003906,-219676
180129415,0.507812,1.937500,9.417969,0.001953,0.003906,0.003906,-219628
180179322,0.507812,1.937500,9.417969,0.001953,0.003906,0.003906,-219679
180229228,0.507812,1.937500,9.417969,0.001953,0.003906,0.003906,-219639
180279136,0.507812,1.937500,9.417969,0.001953,0.003906,0.003906,-219616
180329042,0.507812,1.937500,9.417969,0.001953,0.003906,0.003906,-219691
180379433,0.507812,1.937500,9.417969,0.001953,0.003906,0.003906,-219585
180429342,0.507812,1.937500,9.417969,0.001953,0.003906,0.003906,-219582
180479250,0.507812,1.937500,9.417969,0.001953,0.003906,0.003906,-219646
180529156,0.507812,1.937500,9.417969,0.001953,0.003906,0.003906,-219675
180579063,0.507812,1.937500,9.417969,0.001953,0.003906,0.003906,-219647
180629456,0.507812,1.937500,9.417969,0.001953,0.003906,0.003906,-219607
180679363,0.507812,1.937500,9.417969,0.001953,0.003906,0.003906,-219695
180729272,0.507812,1.937500,9.417969,0.001953,0.003906,0.003906,-219709
180779179,0.507812,1.937500,9.417969,0.001953,0.003906,0.003906,-219723
180829084,0.507812,1.937500,9.417969,0.001953,0.003906,0.003906,-219636
180879475,0.507812,1.937500,9.417969,0.001953,0.003906,0.003906,-219512
180929381,0.507812,1.937500,9.417969,0.001953,0.003906,0.003906,-219676
180979286,0.507812,1.937500,9.417969,0.001953,0.003906,0.003906,-219545
181029196,0.507812,1.937500,9.417969,0.001953,0.003906,0.003906,-219514
181079103,0.507812,1.937500,9.417969,0.001953,0.003906,0.003906,-219540
181129009,0.507812,1.937500,9.417969,0.001953,0.003906,0.003906,-219596
181179402,0.507812,1.937500,9.417969,0.001953,0.003906,0.003906,-219580
181229306,0.507812,1.937500,9.417969,0.001953,0.003906,0.003906,-219642
181279212,0.507812,1.937500,9.417969,0.001953,0.003906,0.003906,-219621
181329119,0.507812,1.937500,9.417969,0.001953,0.003906,0.003906,-219566
181379024,0.507812,1.937500,9.417969,0.001953,0.003906,0.003906,-219602
181429414,0.507812,1.937500,9.417969,0.001953,0.003906,0.003906,-219713
181479319,0.507812,1.937500,9.417969,0.001953,0.003906,0.003906,-219620
181529225,0.507812,1.937500,9.417969,0.001953,0.003906,0.003906,-219587
181579130,0.507812,1.937500,9.417969,0.001953,0.003906,0.003906,-219717
181629038,0.507812,1.937500,9.417969,0.001953,0.003906,0.003906,-219549
181679427,0.507812,1.937500,9.417969,0.001953,0.003906,0.003906,-219652
181729334,0.507812,1.937500,9.417969,0.001953,0.003906,0.003906,-219648
181779242,0.507812,1.937500,9.417969,0.001953,0.003906,0.003906,-219528
181829149,0.507812,1.937500,9.417969,0.001953,0.003906,0.003906,-219555
181879055,0.507812,1.937500,9.417969,0.001953,0.003906,0.003906,-219624
181929447,0.507812,1.937500,9.417969,0.001953,0.003906,0.003906,-219581
181979355,0.507812,1.937500,9.417969,0.001953,0.003906,0.003906,-219641
182029263,0.507812,1.937500,9.417969,0.001953,0.003906,0.003906,-219682
182079170,0.507812,1.937500,9.417969,0.001953,0.003906,0.003906,-219733
182129063,0.507812,1.937500,9.417969,0.001953,0.003906,0.003906,-219733
182179468,0.507812,1.937500,9.417969,0.001953,0.003906,0.003906,-219526
182229360,0.507812,1.937500,9.417969,0.001953,0.003906,0.003906,-219526
182279267,0.507812,1.937500,9.417969,0.001953,0.003906,0.003906,-219661
182329174,0.507812,1.937500,9.417969,0.001953,0.003906,0.003906,-219700
182379082,0.507812,1.937500,9.417969,0.001953,0.003906,0.003906,-219615
182429473,0.507812,1.937500,9.417969,0.001953,0.003906,0.003906,-219629
182479378,0.507812,1.937500,9.417969,0.001953,0.003906,0.003906,-219655
182529285,0.507812,1.937500,9.417969,0.001953,0.003906,0.003906,-219585
182579193,0.507812,1.937500,9.417969,0.001953,0.003906,0.003906,-219661
182629098,0.507812,1.937500,9.417969,0.001953,0.003906,0.003906,-219589
182679004,0.507812,1.937500,9.417969,0.001953,0.003906,0.003906,-219628
182729394,0.507812,1.937500,9.417969,0.001953,0.003906,0.003906,-219582
182779306,0.507812,1.937500,9.417969,0.001953,0.003906,0.003906,-219626
182829213,0.507812,1.937500,9.417969,0.001953,0.003906,0.003906,-219620
182879118,0.507812,1.937500,9.417969,0.001953,0.003906,0.003906,-219592
182929024,0.507812,1.937500,9.417969,0.001953,0.003906,0.003906,-219622
182979414,0.507812,1.937500,9.417969,0.001953,0.003906,0.003906,-219645
183029320,0.507812,1.937500,9.417969,0.001953,0.003906,0.003906,-219680
183079227,0.507812,1.937500,9.417969,0.001953,0.003906,0.003906,-219613
183129134,0.507812,1.937500,9.417969,0.001953,0.003906,0.003906,-219739
183179040,0.507812,1.937500,9.417969,0.001953,0.003906,0.003906,-219642
183229429,0.507812,1.937500,9.417969,0.001953,0.003906,0.003906,-219554
183279335,0.507812,1.937500,9.417969,0.001953,0.003906,0.003906,-219653
183329242,0.507812,1.937500,9.417969,0.001953,0.003906,0.003906,-219657
183379146,0.507812,1.937500,9.417969,0.001953,0.003906,0.003906,-219613
183429053,0.507812,1.937500,9.417969,0.001953,0.003906,0.003906,-219628
183479444,0.507812,1.937500,9.417969,0.001953,0.003906,0.003906,-219570
183529348,0.507812,1.937500,9.417969,0.001953,0.003906,0.003906,-219585
183579253,0.507812,1.937500,9.417969,0.001953,0.003906,0.003906,-219524
183629158,0.507812,1.937500,9.417969,0.001953,0.003906,0.003906,-219613
183679064,0.507812,1.937500,9.417969,0.001953,0.003906,0.003906,-219604
183729454,0.507812,1.937500,9.417969,0.001953,0.003906,0.003906,-219583
183779360,0.507812,1.937500,9.417969,0.001953,0.003906,0.003906,-219605
183829265,0.507812,1.937500,9.417969,0.001953,0.003906,0.003906,-219532
183879170,0.507812,1.937500,9.417969,0.001953,0.003906,0.003906,-219626
183929074,0.507812,1.937500,9.417969,0.001953,0.003906,0.003906,-219516
183979464,0.507812,1.937500,9.417969,0.001953,0.003906,0.003906,-219558
184029369,0.507812,1.937500,9.417969,0.001953,0.003906,0.003906,-219629
184079275,0.507812,1.937500,9.417969,0.001953,0.003906,0.003906,-219672
184129183,0.507812,1.937500,9.417969,0.001953,0.003906,0.003906,-219580
184179089,0.507812,1.937500,9.417969,0.001953,0.003906,0.003906,-219645
184229480,0.507812,1.937500,9.417969,0.001953,0.003906,0.003906,-219600
184279390,0.507812,1.937500,9.417969,0.001953,0.003906,0.003906,-219521
184329298,0.507812,1.937500,9.417969,0.001953,0.003906,0.003906,-219549
184379205,0.507812,1.937500,9.417969,0.001953,0.003906,0.003906,-219668
184429110,0.507812,1.937500,9.417969,0.001953,0.003906,0.003906,-219561
184479017,0.507812,1.937500,9.417969,0.001953,0.003906,0.003906,-219584
184529407,0.507812,1.937500,9.417969,0.001953,0.003906,0.003906,-219596
184579313,0.507812,1.937500,9.417969,0.001953,0.003906,0.003906,-219659
184629222,0.507812,1.937500,9.417969,0.001953,0.003906,0.003906,-219565
184679127,0.507812,1.937500,9.417969,0.001953,0.003906,0.003906,-219694
184729034,0.507812,1.937500,9.417969,0.001953,0.003906,0.003906,-219566
184779425,0.507812,1.937500,9.417969,0.001953,0.003906,0.003906,-219596
184829332,0.507812,1.937500,9.417969,0.001953,0.003906,0.003906,-219656
184879240,0.507812,1.937500,9.417969,0.001953,0.003906,0.003906,-219744
184929147,0.507812,1.937500,9.417969,0.001953,0.003906,0.003906,-219636
184979052,0.507812,1.937500,9.417969,0.001953,0.003906,0.003906,-219704
185029445,0.507812,1.937500,9.417969,0.001953,0.003906,0.003906,-219629
185079353,0.507812,1.937500,9.417969,0.001953,0.003906,0.003906,-219580
185129261,0.507812,1.937500,9.417969,0.001953,0.003906,0.003906,-219694
185179170,0.507812,1.937500,9.417969,0.001953,0.003906,0.003906,-219602
185229078,0.507812,1.937500,9.417969,0.001953,0.003906,0.003906,-219698
185279468,0.507812,1.937500,9.417969,0.001953,0.003906,0.003906,-219605
185329374,0.507812,1.937500,9.417969,0.001953,0.003906,0.003906,-219674
185379282,0.507812,1.937500,9.417969,0.001953,0.003906,0.003906,-219676
185429190,0.507812,1.937500,9.417969,0.001953,0.003906,0.003906,-219681
185479095,0.507812,1.937500,9.417969,0.001953,0.003906,0.003906,-219706
185529005,0.507812,1.937500,9.417969,0.001953,0.003906,0.003906,-219682
185579395,0.507812,1.937500,9.417969,0.001953,0.003906,0.003906,-219709
185629303,0.507812,1.937500,9.417969,0.001953,0.003906,0.003906,-219698
185679209,0.507812,1.937500,9.417969,0.001953,0.003906,0.003906,-219809
185729113,0.507812,1.937500,9.417969,0.001953,0.003906,0.003906,-219623
185779020,0.507812,1.937500,9.417969,0.001953,0.003906,0.003906,-219761
185829413,0.507812,1.937500,9.417969,0.001953,0.003906,0.003906,-219767
185879318,0.507812,1.937500,9.417969,0.001953,0.003906,0.003906,-219793
185929224,0.507812,1.937500,9.417969,0.001953,0.003906,0.003906,-219721
185979128,0.507812,1.937500,9.417969,0.001953,0.003906,0.003906,-219776
186029035,0.507812,1.937500,9.417969,0.001953,0.003906,0.003906,-219744
186079424,0.507812,1.937500,9.417969,0.001953,0.003906,0.003906,-219694
186129332,0.507812,1.937500,9.417969,0.001953,0.003906,0.003906,-219727
186179239,0.507812,1.937500,9.417969,0.001953,0.003906,0.003906,-219784
186229145,0.507812,1.937500,9.417969,0.001953,0.003906,0.003906,-219804
186279050,0.507812,1.937500,9.417969,0.001953,0.003906,0.003906,-219690
186329442,0.507812,1.937500,9.417969,0.001953,0.003906,0.003906,-219721
186379347,0.507812,1.937500,9.417969,0.001953,0.003906,0.003906,-219646
186429255,0.507812,1.937500,9.417969,0.001953,0.003906,0.003906,-219721
186479161,0.507812,1.937500,9.417969,0.001953,0.003906,0.003906,-219635
186529067,0.507812,1.937500,9.417969,0.001953,0.003906,0.003906,-219700
186579458,0.507812,1.937500,9.417969,0.001953,0.003906,0.003906,-219637
186629363,0.507812,1.937500,9.417969,0.001953,0.003906,0.003906,-219629
186679271,0.507812,1.937500,9.417969,0.001953,0.003906,0.003906,-219740
186729177,0.507812,1.937500,9.417969,0.001953,0.003906,0.003906,-219707
186779083,0.507812,1.937500,9.417969,0.001953,0.003906,0.003906,-219590
186829472,0.507812,1.937500,9.417969,0.001953,0.003906,0.003906,-219744
186879379,0.507812,1.937500,9.417969,0.001953,0.003906,0.003906,-219676
186929286,0.507812,1.937500,9.417969,0.001953,0.003906,0.003906,-219558
186979191,0.507812,1.937500,9.417969,0.001953,0.003906,0.003906,-219618
187029100,0.507812,1.937500,9.417969,0.001953,0.003906,0.003906,-219687
187079007,0.507812,1.937500,9.417969,0.001953,0.003906,0.003906,-219534
187129397,0.507812,1.937500,9.417969,0.001953,0.003906,0.003906,-219471
187179303,0.507812,1.937500,9.417969,0.001953,0.003906,0.003906,-219607
187229208,0.507812,1.937500,9.417969,0.001953,0.003906,0.003906,-219592
187279112,0.507812,1.937500,9.417969,0.001953,0.003906,0.003906,-219669
187329018,0.507812,1.937500,9.417969,0.001953,0.003906,0.003906,-219497
187379408,0.507812,1.937500,9.417969,0.001953,0.003906,0.003906,-219616
187429314,0.507812,1.937500,9.417969,0.001953,0.003906,0.003906,-219678
187479220,0.507812,1.937500,9.417969,0.001953,0.003906,0.003906,-219481
187529127,0.507812,1.937500,9.417969,0.001953,0.003906,0.003906,-219478
187579033,0.507812,1.937500,9.417969,0.001953,0.003906,0.003906,-219524
187629425,0.507812,1.937500,9.417969,0.001953,0.003906,0.003906,-219507
187679331,0.507812,1.937500,9.417969,0.001953,0.003906,0.003906,-219580
187729236,0.507812,1.937500,9.417969,0.001953,0.003906,0.003906,-219567
187779140,0.507812,1.937500,9.417969,0.001953,0.003906,0.003906,-219582
187829045,0.507812,1.937500,9.417969,0.001953,0.003906,0.003906,-219594
187879435,0.507812,1.937500,9.417969,0.001953,0.003906,0.003906,-219578
187929344,0.507812,1.937500,9.417969,0.001953,0.003906,0.003906,-219518
187979254,0.507812,1.937500,9.417969,0.001953,0.003906,0.003906,-219609
188029161,0.507812,1.937500,9.417969,0.001953,0.003906,0.003906,-219552
188079066,0.507812,1.937500,9.417969,0.001953,0.003906,0.003906,-219572
188129457,0.507812,1.937500,9.417969,0.001953,0.003906,0.003906,-219549
188179362,0.507812,1.937500,9.417969,0.001953,0.003906,0.003906,-219574
188229271,0.507812,1.937500,9.417969,0.001953,0.003906,0.003906,-219689
188279178,0.507812,1.937500,9.417969,0.001953,0.003906,0.003906,-219568
188329084,0.507812,1.937500,9.417969,0.001953,0.003906,0.003906,-219536
188379473,0.507812,1.937500,9.417969,0.001953,0.003906,0.003906,-219553
188429380,0.507812,1.937500,9.417969,0.001953,0.003906,0.003906,-219466
188479285,0.507812,1.937500,9.417969,0.001953,0.003906,0.003906,-219560
188529195,0.507812,1.937500,9.417969,0.001953,0.003906,0.003906,-219475
188579102,0.507812,1.937500,9.417969,0.001953,0.003906,0.003906,-219564
188629006,0.507812,1.937500,9.417969,0.001953,0.003906,0.003906,-219478
188679397,0.507812,1.937500,9.417969,0.001953,0.003906,0.003906,-219550
188729302,0.507812,1.937500,9.417969,0.001953,0.003906,0.003906,-219538
188779208,0.507812,1.937500,9.417969,0.001953,0.003906,0.003906,-219601
188829118,0.507812,1.937500,9.417969,0.001953,0.003906,0.003906,-219507
188879025,0.507812,1.937500,9.417969,0.001953,0.003906,0.003906,-219508
188929416,0.507812,1.937500,9.417969,0.001953,0.003906,0.003906,-219478
188979322,0.507812,1.937500,9.417969,0.001953,0.003906,0.003906,-219596
189029229,0.507812,1.937500,9.417969,0.001953,0.003906,0.003906,-219574
189079134,0.507812,1.937500,9.417969,0.001953,0.003906,0.003906,-219504
189129043,0.507812,1.937500,9.417969,0.001953,0.003906,0.003906,-219601
189179436,0.507812,1.937500,9.417969,0.001953,0.003906,0.003906,-219483
189229344,0.507812,1.937500,9.417969,0.001953,0.003906,0.003906,-219501
189279249,0.507812,1.937500,9.417969,0.001953,0.003906,0.003906,-219498
189329154,0.507812,1.937500,9.417969,0.001953,0.003906,0.003906,-219540
189379063,0.507812,1.937500,9.417969,0.001953,0.003906,0.003906,-219501
189429457,0.507812,1.937500,9.417969,0.001953,0.003906,0.003906,-219605
189479363,0.507812,1.937500,9.417969,0.001953,0.003906,0.003906,-219457
189529269,0.507812,1.937500,9.417969,0.001953,0.003906,0.003906,-219542
189579173,0.507812,1.937500,9.417969,0.001953,0.003906,0.003906,-219538
189629079,0.507812,1.937500,9.417969,0.001953,0.003906,0.003906,-219475
189679468,0.507812,1.937500,9.417969,0.001953,0.003906,0.003906,-219638
189729375,0.507812,1.937500,9.417969,0.001953,0.003906,0.003906,-219579
189779283,0.507812,1.937500,9.417969,0.001953,0.003906,0.003906,-219614
189829190,0.507812,1.937500,9.417969,0.001953,0.003906,0.003906,-219549
189879095,0.507812,1.937500,9.417969,0.001953,0.003906,0.003906,-219518
189929484,0.507812,1.937500,9.417969,0.001953,0.003906,0.003906,-219464
189979389,0.507812,1.937500,9.417969,0.001953,0.003906,0.003906,-219479
190029298,0.507812,1.937500,9.417969,0.001953,0.003906,0.003906,-219523
190079204,0.507812,1.937500,9.417969,0.001953,0.003906,0.003906,-219430
190129111,0.507812,1.937500,9.417969,0.001953,0.003906,0.003906,-219541
190179016,0.507812,1.937500,9.417969,0.001953,0.003906,0.003906,-219486
190229410,0.507812,1.937500,9.417969,0.001953,0.003906,0.003906,-219591
190279318,0.507812,1.937500,9.417969,0.001953,0.003906,0.003906,-219577
190329225,0.507812,1.937500,9.417969,0.001953,0.003906,0.003906,-219481
190379130,0.507812,1.937500,9.417969,0.001953,0.003906,0.003906,-219505
190429036,0.507812,1.937500,9.417969,0.001953,0.003906,0.003906,-219472
190479427,0.507812,1.937500,9.417969,0.001953,0.003906,0.003906,-219446
190529333,0.507812,1.937500,9.417969,0.001953,0.003906,0.003906,-219457
190579239,0.507812,1.937500,9.417969,0.001953,0.003906,0.003906,-219535
190629148,0.507812,1.937500,9.417969,0.001953,0.003906,0.003906,-219507
190679053,0.507812,1.937500,9.417969,0.001953,0.003906,0.003906,-219450
190729443,0.507812,1.937500,9.417969,0.001953,0.003906,0.003906,-219443
190779347,0.507812,1.937500,9.417969,0.001953,0.003906,0.003906,-219470
190829253,0.507812,1.937500,9.417969,0.001953,0.003906,0.003906,-219464
190879159,0.507812,1.937500,9.417969,0.001953,0.003906,0.003906,-219520
190929068,0.507812,1.937500,9.417969,0.001953,0.003906,0.003906,-219620
190979457,0.507812,1.937500,9.417969,0.001953,0.003906,0.003906,-219594
191029362,0.507812,1.937500,9.417969,0.001953,0.003906,0.003906,-219558
191079270,0.507812,1.937500,9.417969,0.001953,0.003906,0.003906,-219576
191129175,0.507812,1.937500,9.417969,0.001953,0.003906,0.003906,-219518
191179081,0.507812,1.937500,9.417969,0.001953,0.003906,0.003906,-219552
191229473,0.507812,1.937500,9.417969,0.001953,0.003906,0.003906,-219618
191279381,0.507812,1.937500,9.417969,0.001953,0.003906,0.003906,-219586
191329286,0.507812,1.937500,9.417969,0.001953,0.003906,0.003906,-219446
191379192,0.507812,1.937500,9.417969,0.001953,0.003906,0.003906,-219546
191429097,0.507812,1.937500,9.417969,0.001953,0.003906,0.003906,-219477
191479003,0.507812,1.937500,9.417969,0.001953,0.003906,0.003906,-219613
191529396,0.507812,1.937500,9.417969,0.001953,0.003906,0.003906,-219539
191579304,0.507812,1.937500,9.417969,0.001953,0.003906,0.003906,-219544
191629210,0.507812,1.937500,9.417969,0.001953,0.003906,0.003906,-219532
191679117,0.507812,1.937500,9.417969,0.001953,0.003906,0.003906,-219603
191729023,0.507812,1.937500,9.417969,0.001953,0.003906,0.003906,-219607
191779414,0.507812,1.937500,9.417969,0.001953,0.003906,0.003906,-219573
191829323,0.507812,1.937500,9.417969,0.001953,0.003906,0.003906,-219530
191879230,0.507812,1.937500,9.417969,0.001953,0.003906,0.003906,-219443
191929137,0.507812,1.937500,9.417969,0.001953,0.003906,0.003906,-219504
191979042,0.507812,1.937500,9.417969,0.001953,0.003906,0.003906,-219670
192029430,0.507812,1.937500,9.417969,0.001953,0.003906,0.003906,-219584
192079337,0.507812,1.937500,9.417969,0.001953,0.003906,0.003906,-219582
192129246,0.507812,1.937500,9.417969,0.001953,0.003906,0.003906,-219564
192179151,0.507812,1.937500,9.417969,0.001953,0.003906,0.003906,-219557
192229056,0.507812,1.937500,9.417969,0.001953,0.003906,0.003906,-219566
192279446,0.507812,1.937500,9.417969,0.001953,0.003906,0.003906,-219646
192329351,0.507812,1.937500,9.417969,0.001953,0.003906,0.003906,-219492
192379257,0.507812,1.937500,9.417969,0.001953,0.003906,0.003906,-219521
192429166,0.507812,1.937500,9.417969,0.001953,0.003906,0.003906,-219473
192479072,0.507812,1.937500,9.417969,0.001953,0.003906,0.003906,-219490
192529462,0.507812,1.937500,9.417969,0.001953,0.003906,0.003906,-219553
192579372,0.507812,1.937500,9.417969,0.001953,0.003906,0.003906,-219481
192629279,0.507812,1.937500,9.417969,0.001953,0.003906,0.003906,-219614
192679184,0.507812,1.937500,9.417969,0.001953,0.003906,0.003906,-219485
192729092,0.507812,1.937500,9.417969,0.001953,0.003906,0.003906,-219416
192779483,0.507812,1.937500,9.417969,0.001953,0.003906,0.003906,-219540
192829390,0.507812,1.937500,9.417969,0.001953,0.003906,0.003906,-219596
192879295,0.507812,1.937500,9.417969,0.001953,0.003906,0.003906,-219636
192929202,0.507812,1.937500,9.417969,0.001953,0.003906,0.003906,-219516
192979108,0.507812,1.937500,9.417969,0.001953,0.003906,0.003906,-219554
193029014,0.507812,1.937500,9.417969,0.001953,0.003906,0.003906,-219555
193079406,0.507812,1.937500,9.417969,0.001953,0.003906,0.003906,-219543
193129312,0.507812,1.937500,9.417969,0.001953,0.003906,0.003906,-219487
193179217,0.507812,1.937500,9.417969,0.001953,0.003906,0.003906,-219548
193229124,0.507812,1.937500,9.417969,0.001953,0.003906,0.003906,-219495
193279034,0.507812,1.937500,9.417969,0.001953,0.003906,0.003906,-219326
193329427,0.507812,1.937500,9.417969,0.001953,0.003906,0.003906,-219546
193379333,0.507812,1.937500,9.417969,0.001953,0.003906,0.003906,-219506
193429240,0.507812,1.937500,9.417969,0.001953,0.003906,0.003906,-219513
193479145,0.507812,1.937500,9.417969,0.001953,0.003906,0.003906,-219514
193529051,0.507812,1.937500,9.417969,0.001953,0.003906,0.003906,-219580
193579440,0.507812,1.937500,9.417969,0.001953,0.003906,0.003906,-219481
193629347,0.507812,1.937500,9.417969,0.001953,0.003906,0.003906,-219546
193679255,0.507812,1.937500,9.417969,0.001953,0.003906,0.003906,-219534
193729159,0.507812,1.937500,9.417969,0.001953,0.003906,0.003906,-219576
193779065,0.507812,1.937500,9.417969,0.001953,0.003906,0.003906,-219576
193829457,0.507812,1.937500,9.417969,0.001953,0.003906,0.003906,-219563
193879364,0.507812,1.937500,9.417969,0.001953,0.003906,0.003906,-219707
193929271,0.507812,1.937500,9.417969,0.001953,0.003906,0.003906,-219614
193979180,0.507812,1.937500,9.417969,0.001953,0.003906,0.003906,-219559
194029086,0.507812,1.937500,9.417969,0.001953,0.003906,0.003906,-219503
194079475,0.507812,1.937500,9.417969,0.001953,0.003906,0.003906,-219529
194129381,0.507812,1.937500,9.417969,0.001953,0.003906,0.003906,-219427
194179289,0.507812,1.937500,9.417969,0.001953,0.003906,0.003906,-219573
194229199,0.507812,1.937500,9.417969,0.001953,0.003906,0.003906,-219596
194279104,0.507812,1.937500,9.417969,0.001953,0.003906,0.003906,-219604
194329009,0.507812,1.937500,9.417969,0.001953,0.003906,0.003906,-219635
194379399,0.507812,1.937500,9.417969,0.001953,0.003906,0.003906,-219673
194429306,0.507812,1.937500,9.417969,0.001953,0.003906,0.003906,-219571
194479211,0.507812,1.937500,9.417969,0.001953,0.003906,0.003906,-219606
194529119,0.507812,1.937500,9.417969,0.001953,0.003906,0.003906,-219590
194579025,0.507812,1.937500,9.417969,0.001953,0.003906,0.003906,-219584
194629418,0.507812,1.937500,9.417969,0.001953,0.003906,0.003906,-219553
194679323,0.507812,1.937500,9.417969,0.001953,0.003906,0.003906,-219568
194729229,0.507812,1.937500,9.417969,0.001953,0.003906,0.003906,-219630
194779136,0.507812,1.937500,9.417969,0.001953,0.003906,0.003906,-219595
194829045,0.507812,1.937500,9.417969,0.001953,0.003906,0.003906,-219680
194879437,0.507812,1.937500,9.417969,0.001953,0.003906,0.003906,-219640
194929344,0.507812,1.937500,9.417969,0.001953,0.003906,0.003906,-219581
194979250,0.507812,1.937500,9.417969,0.001953,0.003906,0.003906,-219657
195029155,0.507812,1.937500,9.417969,0.001953,0.003906,0.003906,-219586
195079060,0.507812,1.937500,9.417969,0.001953,0.003906,0.003906,-219570
195129454,0.507812,1.937500,9.417969,0.001953,0.003906,0.003906,-219732
195179359,0.507812,1.937500,9.417969,0.001953,0.003906,0.003906,-219510
195229265,0.507812,1.937500,9.417969,0.001953,0.003906,0.003906,-219559
195279172,0.507812,1.937500,9.417969,0.001953,0.003906,0.003906,-219702
195329077,0.507812,1.937500,9.417969,0.001953,0.003906,0.003906,-219602
195379467,0.507812,1.937500,9.417969,0.001953,0.003906,0.003906,-219526
195429374,0.507812,1.937500,9.417969,0.001953,0.003906,0.003906,-219550
195479280,0.507812,1.937500,9.417969,0.001953,0.003906,0.003906,-219526
195529186,0.507812,1.937500,9.417969,0.001953,0.003906,0.003906,-219616
195579092,0.507812,1.937500,9.417969,0.001953,0.003906,0.003906,-219634
195629484,0.507812,1.937500,9.417969,0.001953,0.003906,0.003906,-219513
195679389,0.507812,1.937500,9.417969,0.001953,0.003906,0.003906,-219622
195729298,0.507812,1.937500,9.417969,0.001953,0.003906,0.003906,-219636
195779208,0.507812,1.937500,9.417969,0.001953,0.003906,0.003906,-219605
195829112,0.507812,1.937500,9.417969,0.001953,0.003906,0.003906,-219559
195879019,0.507812,1.937500,9.417969,0.001953,0.003906,0.003906,-219724
195929409,0.507812,1.937500,9.417969,0.001953,0.003906,0.003906,-219680
195979314,0.507812,1.937500,9.417969,0.001953,0.003906,0.003906,-219727
196029221,0.507812,1.937500,9.417969,0.001953,0.003906,0.003906,-219535
196079128,0.507812,1.937500,9.417969,0.001953,0.003906,0.003906,-219523
196129034,0.507812,1.937500,9.417969,0.001953,0.003906,0.003906,-219660
196179425,0.507812,1.937500,9.417969,0.001953,0.003906,0.003906,-219639
196229330,0.507812,1.937500,9.417969,0.001953,0.003906,0.003906,-219658
196279235,0.507812,1.937500,9.417969,0.001953,0.003906,0.003906,-219562
196329144,0.507812,1.937500,9.417969,0.001953,0.003906,0.003906,-219669
196379049,0.507812,1.937500,9.417969,0.001953,0.003906,0.003906,-219628
196429438,0.507812,1.937500,9.417969,0.001953,0.003906,0.003906,-219725
196479344,0.507812,1.937500,9.417969,0.001953,0.003906,0.003906,-219579
196529250,0.507812,1.937500,9.417969,0.001953,0.003906,0.003906,-219513
196579154,0.507812,1.937500,9.417969,0.001953,0.003906,0.003906,-219523
196629059,0.507812,1.937500,9.417969,0.001953,0.003906,0.003906,-219709
196679450,0.507812,1.937500,9.417969,0.001953,0.003906,0.003906,-219586
196729355,0.507812,1.937500,9.417969,0.001953,0.003906,0.003906,-219629
196779261,0.507812,1.937500,9.417969,0.001953,0.003906,0.003906,-219635
196829169,0.507812,1.937500,9.417969,0.001953,0.003906,0.003906,-219665
196879078,0.507812,1.937500,9.417969,0.001953,0.003906,0.003906,-219746
196929469,0.507812,1.937500,9.417969,0.001953,0.003906,0.003906,-219699
196979376,0.507812,1.937500,9.417969,0.001953,0.003906,0.003906,-219684
197029284,0.507812,1.937500,9.417969,0.001953,0.003906,0.003906,-219718
197079191,0.507812,1.937500,9.417969,0.001953,0.003906,0.003906,-219639
197129097,0.507812,1.937500,9.417969,0.001953,0.003906,0.003906,-219724
197179003,0.507812,1.937500,9.417969,0.001953,0.003906,0.003906,-219610
197229395,0.507812,1.937500,9.417969,0.001953,0.003906,0.003906,-219837
197279302,0.507812,1.937500,9.417969,0.001953,0.003906,0.003906,-219652
197329208,0.507812,1.937500,9.417969,0.001953,0.003906,0.003906,-219645
197379115,0.507812,1.937500,9.417969,0.001953,0.003906,0.003906,-219694
197429022,0.507812,1.937500,9.417969,0.001953,0.003906,0.003906,-219555
197479410,0.507812,1.937500,9.417969,0.001953,0.003906,0.003906,-219656
197529318,0.507812,1.937500,9.417969,0.001953,0.003906,0.003906,-219607
197579227,0.507812,1.937500,9.417969,0.001953,0.003906,0.003906,-219630
197629134,0.507812,1.937500,9.417969,0.001953,0.003906,0.003906,-219686
197679043,0.507812,1.937500,9.417969,0.001953,0.003906,0.003906,-219696
197729433,0.507812,1.937500,9.417969,0.001953,0.003906,0.003906,-219633
197779339,0.507812,1.937500,9.417969,0.001953,0.003906,0.003906,-219791
197829244,0.507812,1.937500,9.417969,0.001953,0.003906,0.003906,-219692
197879150,0.507812,1.937500,9.417969,0.001953,0.003906,0.003906,-219746
197929057,0.507812,1.937500,9.417969,0.001953,0.003906,0.003906,-219696
197979447,0.507812,1.937500,9.417969,0.001953,0.003906,0.003906,-219615
198029353,0.507812,1.937500,9.417969,0.001953,0.003906,0.003906,-219715
198079260,0.507812,1.937500,9.417969,0.001953,0.003906,0.003906,-219665
198129166,0.507812,1.937500,9.417969,0.001953,0.003906,0.003906,-219644
198179073,0.507812,1.937500,9.417969,0.001953,0.003906,0.003906,-219736
198229463,0.507812,1.937500,9.417969,0.001953,0.003906,0.003906,-219767
198279368,0.507812,1.937500,9.417969,0.001953,0.003906,0.003906,-219799
198329274,0.507812,1.937500,9.417969,0.001953,0.003906,0.003906,-219694
198379182,0.507812,1.937500,9.417969,0.001953,0.003906,0.003906,-219831
198429092,0.507812,1.937500,9.417969,0.001953,0.003906,0.003906,-219694
198479002,0.507812,1.937500,9.417969,0.001953,0.003906,0.003906,-219766
198529395,0.507812,1.937500,9.417969,0.001953,0.003906,0.003906,-219767
198579300,0.507812,1.937500,9.417969,0.001953,0.003906,0.003906,-219702
198629207,0.507812,1.937500,9.417969,0.001953,0.003906,0.003906,-219702
198679112,0.507812,1.937500,9.417969,0.001953,0.003906,0.003906,-219821
198729020,0.507812,1.937500,9.417969,0.001953,0.003906,0.003906,-219792
198779413,0.507812,1.937500,9.417969,0.001953,0.003906,0.003906,-219752
198829320,0.507812,1.937500,9.417969,0.001953,0.003906,0.003906,-219651
198879228,0.507812,1.937500,9.417969,0.001953,0.003906,0.003906,-219773
198929136,0.507812,1.937500,9.417969,0.001953,0.003906,0.003906,-219791
198979042,0.507812,1.937500,9.417969,0.001953,0.003906,0.003906,-219696
199029432,0.507812,1.937500,9.417969,0.001953,0.003906,0.003906,-219728
199079340,0.507812,1.937500,9.417969,0.001953,0.003906,0.003906,-219677
199129246,0.507812,1.937500,9.417969,0.001953,0.003906,0.003906,-219628
199179151,0.507812,1.937500,9.417969,0.001953,0.003906,0.003906,-219770
199229057,0.507812,1.937500,9.417969,0.001953,0.003906,0.003906,-219760
199279448,0.507812,1.937500,9.417969,0.001953,0.003906,0.003906,-219744
199329356,0.507812,1.937500,9.417969,0.001953,0.003906,0.003906,-219771
199379263,0.507812,1.937500,9.417969,0.001953,0.003906,0.003906,-219742
199429169,0.507812,1.937500,9.417969,0.001953,0.003906,0.003906,-219804
199479077,0.507812,1.937500,9.417969,0.001953,0.003906,0.003906,-219663
199529467,0.507812,1.937500,9.417969,0.001953,0.003906,0.003906,-219732
199579372,0.507812,1.937500,9.417969,0.001953,0.003906,0.003906,-219721
199629279,0.507812,1.937500,9.417969,0.001953,0.003906,0.003906,-219764
199679186,0.507812,1.937500,9.417969,0.001953,0.003906,0.003906,-219714
199729093,0.507812,1.937500,9.417969,0.001953,0.003906,0.003906,-219614
199779483,0.507812,1.937500,9.417969,0.001953,0.003906,0.003906,-219811
199829389,0.507812,1.937500,9.417969,0.001953,0.003906,0.003906,-219775
199879295,0.507812,1.937500,9.417969,0.001953,0.003906,0.003906,-219651
199929200,0.507812,1.937500,9.417969,0.001953,0.003906,0.003906,-219746
199979107,0.507812,1.937500,9.417969,0.001953,0.003906,0.003906,-219771
200029015,0.507812,1.937500,9.417969,0.001953,0.003906,0.003906,-219787
200079406,0.507812,1.937500,9.417969,0.001953,0.003906,0.003906,-219773
200129313,0.507812,1.937500,9.417969,0.001953,0.003906,0.003906,-219723
200179220,0.507812,1.937500,9.417969,0.001953,0.003906,0.003906,-219781
200229125,0.507812,1.937500,9.417969,0.001953,0.003906,0.003906,-219760
200279031,0.507812,1.937500,9.417969,0.001953,0.003906,0.003906,-219779
200329423,0.507812,1.937500,9.417969,0.001953,0.003906,0.003906,-219771
200379327,0.507812,1.937500,9.417969,0.001953,0.003906,0.003906,-219755
200429233,0.507812,1.937500,9.417969,0.001953,0.003906,0.003906,-219723
200479124,0.507812,1.937500,9.417969,0.001953,0.003906,0.003906,-219723
200529030,0.507812,1.937500,9.417969,0.001953,0.003906,0.003906,-219767
200579422,0.507812,1.937500,9.417969,0.001953,0.003906,0.003906,-219723
200629328,0.507812,1.937500,9.417969,0.001953,0.003906,0.003906,-219749
200679234,0.507812,1.937500,9.417969,0.001953,0.003906,0.003906,-219731
200729143,0.507812,1.937500,9.417969,0.001953,0.003906,0.003906,-219806
200779049,0.507812,1.937500,9.417969,0.001953,0.003906,0.003906,-219778
200829439,0.507812,1.937500,9.417969,0.001953,0.003906,0.003906,-219697
200879346,0.507812,1.937500,9.417969,0.001953,0.003906,0.003906,-219749
200929252,0.507812,1.937500,9.417969,0.001953,0.003906,0.003906,-219685
200979159,0.507812,1.937500,9.417969,0.001953,0.003906,0.003906,-219894
201029065,0.507812,1.937500,9.417969,0.001953,0.003906,0.003906,-219748
201079457,0.507812,1.937500,9.417969,0.001953,0.003906,0.003906,-219820
201129363,0.507812,1.937500,9.417969,0.001953,0.003906,0.003906,-219761
201179271,0.507812,1.937500,9.417969,0.001953,0.003906,0.003906,-219703
201229178,0.507812,1.937500,9.417969,0.001953,0.003906,0.003906,-219751
201279083,0.507812,1.937500,9.417969,0.001953,0.003906,0.003906,-219893
201329473,0.507812,1.937500,9.417969,0.001953,0.003906,0.003906,-219781
201379379,0.507812,1.937500,9.417969,0.001953,0.003906,0.003906,-219842
201429285,0.507812,1.937500,9.417969,0.001953,0.003906,0.003906,-219750
201479190,0.507812,1.937500,9.417969,0.001953,0.003906,0.003906,-219674
201529095,0.507812,1.937500,9.417969,0.001953,0.003906,0.003906,-219695
201579002,0.507812,1.937500,9.417969,0.001953,0.003906,0.003906,-219692
201629394,0.507812,1.937500,9.417969,0.001953,0.003906,0.003906,-219856
201679300,0.507812,1.937500,9.417969,0.001953,0.003906,0.003906,-219858
201729209,0.507812,1.937500,9.417969,0.001953,0.003906,0.003906,-219716
201779115,0.507812,1.937500,9.417969,0.001953,0.003906,0.003906,-219719
201829021,0.507812,1.937500,9.417969,0.001953,0.003906,0.003906,-219743
201879413,0.507812,1.937500,9.417969,0.001953,0.003906,0.003906,-219755
201929321,0.507812,1.937500,9.417969,0.001953,0.003906,0.003906,-219751
201979227,0.507812,1.937500,9.417969,0.001953,0.003906,0.003906,-219794
202029134,0.507812,1.937500,9.417969,0.001953,0.003906,0.003906,-219785
202079042,0.507812,1.937500,9.417969,0.001953,0.003906,0.003906,-219803
202129434,0.507812,1.937500,9.417969,0.001953,0.003906,0.003906,-219749
202179339,0.507812,1.937500,9.417969,0.001953,0.003906,0.003906,-219887
202229248,0.507812,1.937500,9.417969,0.001953,0.003906,0.003906,-219812
202279154,0.507812,1.937500,9.417969,0.001953,0.003906,0.003906,-219796
202329060,0.507812,1.937500,9.417969,0.001953,0.003906,0.003906,-219720
202379452,0.507812,1.937500,9.417969,0.001953,0.003906,0.003906,-219817
202429359,0.507812,1.937500,9.417969,0.001953,0.003906,0.003906,-219773
202479265,0.507812,1.937500,9.417969,0.001953,0.003906,0.003906,-219843
202529170,0.507812,1.937500,9.417969,0.001953,0.003906,0.003906,-219681
202579075,0.507812,1.937500,9.417969,0.001953,0.003906,0.003906,-219851
202629464,0.507812,1.937500,9.417969,0.001953,0.003906,0.003906,-219785
202679371,0.507812,1.937500,9.417969,0.001953,0.003906,0.003906,-219838
202729280,0.507812,1.937500,9.417969,0.001953,0.003906,0.003906,-219729
202779184,0.507812,1.937500,9.417969,0.001953,0.003906,0.003906,-219768
202829091,0.507812,1.937500,9.417969,0.001953,0.003906,0.003906,-219826
202879480,0.507812,1.937500,9.417969,0.001953,0.003906,0.003906,-219853
202929386,0.507812,1.937500,9.417969,0.001953,0.003906,0.003906,-219821
202979292,0.507812,1.937500,9.417969,0.001953,0.003906,0.003906,-219734
203029199,0.507812,1.937500,9.417969,0.001953,0.003906,0.003906,-219736
203079106,0.507812,1.937500,9.417969,0.001953,0.003906,0.003906,-219887
203129012,0.507812,1.937500,9.417969,0.001953,0.003906,0.003906,-219788
203179402,0.507812,1.937500,9.417969,0.001953,0.003906,0.003906,-219886
203229310,0.507812,1.937500,9.417969,0.001953,0.003906,0.003906,-219856
203279216,0.507812,1.937500,9.417969,0.001953,0.003906,0.003906,-219754
203329120,0.507812,1.937500,9.417969,0.001953,0.003906,0.003906,-219757
203379027,0.507812,1.937500,9.417969,0.001953,0.003906,0.003906,-219863
203429416,0.507812,1.937500,9.417969,0.001953,0.003906,0.003906,-219737
203479322,0.507812,1.937500,9.417969,0.001953,0.003906,0.003906,-219776
203529227,0.507812,1.937500,9.417969,0.001953,0.003906,0.003906,-219921
203579135,0.507812,1.937500,9.417969,0.001953,0.003906,0.003906,-219703
203629041,0.507812,1.937500,9.417969,0.001953,0.003906,0.003906,-219780
203679430,0.507812,1.937500,9.417969,0.001953,0.003906,0.003906,-219736
203729337,0.507812,1.937500,9.417969,0.001953,0.003906,0.003906,-219883
203779243,0.507812,1.937500,9.417969,0.001953,0.003906,0.003906,-219665
203829149,0.507812,1.937500,9.417969,0.001953,0.003906,0.003906,-219783
203879058,0.507812,1.937500,9.417969,0.001953,0.003906,0.003906,-219801
203929449,0.507812,1.937500,9.417969,0.001953,0.003906,0.003906,-219707
203979355,0.507812,1.937500,9.417969,0.001953,0.003906,0.003906,-219917
204029260,0.507812,1.937500,9.417969,0.001953,0.003906,0.003906,-219828
204079167,0.507812,1.937500,9.417969,0.001953,0.003906,0.003906,-219863
204129073,0.507812,1.937500,9.417969,0.001953,0.003906,0.003906,-219692
204179464,0.507812,1.937500,9.417969,0.001953,0.003906,0.003906,-219783
204229369,0.507812,1.937500,9.417969,0.001953,0.003906,0.003906,-219834
204279274,0.507812,1.937500,9.417969,0.001953,0.003906,0.003906,-219913
204329179,0.507812,1.937500,9.417969,0.001953,0.003906,0.003906,-219875
204379082,0.507812,1.937500,9.417969,0.001953,0.003906,0.003906,-219724
204429473,0.507812,1.937500,9.417969,0.001953,0.003906,0.003906,-219705
204479383,0.507812,1.937500,9.417969,0.001953,0.003906,0.003906,-219831
204529289,0.507812,1.937500,9.417969,0.001953,0.003906,0.003906,-219772
204579194,0.507812,1.937500,9.417969,0.001953,0.003906,0.003906,-219674
204629099,0.507812,1.937500,9.417969,0.001953,0.003906,0.003906,-219748
204679004,0.507812,1.937500,9.417969,0.001953,0.003906,0.003906,-219755
204729395,0.507812,1.937500,9.417969,0.001953,0.003906,0.003906,-219818
204779304,0.507812,1.937500,9.417969,0.001953,0.003906,0.003906,-219716
204829210,0.507812,1.937500,9.417969,0.001953,0.003906,0.003906,-219793
204879114,0.507812,1.937500,9.417969,0.001953,0.003906,0.003906,-219854
204929021,0.507812,1.937500,9.417969,0.001953,0.003906,0.003906,-219893
204979411,0.507812,1.937500,9.417969,0.001953,0.003906,0.003906,-219707
205029317,0.507812,1.937500,9.417969,0.001953,0.003906,0.003906,-219775
205079224,0.507812,1.937500,9.417969,0.001953,0.003906,0.003906,-219792
205129128,0.507812,1.937500,9.417969,0.001953,0.003906,0.003906,-219721
205179035,0.507812,1.937500,9.417969,0.001953,0.003906,0.003906,-219822
205229425,0.507812,1.937500,9.417969,0.001953,0.003906,0.003906,-219796
205279331,0.507812,1.937500,9.417969,0.001953,0.003906,0.003906,-219794
205329237,0.507812,1.937500,9.417969,0.001953,0.003906,0.003906,-219780
205379150,0.507812,1.937500,9.417969,0.001953,0.003906,0.003906,-219710
205429058,0.507812,1.937500,9.417969,0.001953,0.003906,0.003906,-219622
205479448,0.507812,1.937500,9.417969,0.001953,0.003906,0.003906,-219768
205529355,0.507812,1.937500,9.417969,0.001953,0.003906,0.003906,-219743
205579261,0.507812,1.937500,9.417969,0.001953,0.003906,0.003906,-219786
205629166,0.507812,1.937500,9.417969,0.001953,0.003906,0.003906,-219752
205679072,0.507812,1.937500,9.417969,0.001953,0.003906,0.003906,-219756
205729463,0.507812,1.937500,9.417969,0.001953,0.003906,0.003906,-219648
205779369,0.507812,1.937500,9.417969,0.001953,0.003906,0.003906,-219734
205829274,0.507812,1.937500,9.417969,0.001953,0.003906,0.003906,-219801
205879181,0.507812,1.937500,9.417969,0.001953,0.003906,0.003906,-219858
205929086,0.507812,1.937500,9.417969,0.001953,0.003906,0.003906,-219818
205979477,0.507812,1.937500,9.417969,0.001953,0.003906,0.003906,-219708
206029382,0.507812,1.937500,9.417969,0.001953,0.003906,0.003906,-219803
206079287,0.507812,1.937500,9.417969,0.001953,0.003906,0.003906,-219778
206129193,0.507812,1.937500,9.417969,0.001953,0.003906,0.003906,-219689
206179100,0.507812,1.937500,9.417969,0.001953,0.003906,0.003906,-219801
206229007,0.507812,1.937500,9.417969,0.001953,0.003906,0.003906,-219764
206279398,0.507812,1.937500,9.417969,0.001953,0.003906,0.003906,-219823
206329305,0.507812,1.937500,9.417969,0.001953,0.003906,0.003906,-219865
206379213,0.507812,1.937500,9.417969,0.001953,0.003906,0.003906,-219796
206429118,0.507812,1.937500,9.417969,0.001953,0.003906,0.003906,-219749
206479023,0.507812,1.937500,9.417969,0.001953,0.003906,0.003906,-219814
206529411,0.507812,1.937500,9.417969,0.001953,0.003906,0.003906,-219869
206579320,0.507812,1.937500,9.417969,0.001953,0.003906,0.003906,-219914
206629228,0.507812,1.937500,9.417969,0.001953,0.003906,0.003906,-219842
206679133,0.507812,1.937500,9.417969,0.001953,0.003906,0.003906,-219899
206729043,0.507812,1.937500,9.417969,0.001953,0.003906,0.003906,-219731
206779432,0.507812,1.937500,9.417969,0.001953,0.003906,0.003906,-219874
206829336,0.507812,1.937500,9.417969,0.001953,0.003906,0.003906,-219807
206879242,0.507812,1.937500,9.417969,0.001953,0.003906,0.003906,-219915
206929150,0.507812,1.937500,9.417969,0.001953,0.003906,0.003906,-219817
206979054,0.507812,1.937500,9.417969,0.001953,0.003906,0.003906,-219776
207029443,0.507812,1.937500,9.417969,0.001953,0.003906,0.003906,-219850
207079347,0.507812,1.937500,9.417969,0.001953,0.003906,0.003906,-219873
207129253,0.507812,1.937500,9.417969,0.001953,0.003906,0.003906,-219802
207179160,0.507812,1.937500,9.417969,0.001953,0.003906,0.003906,-219761
207229066,0.507812,1.937500,9.417969,0.001953,0.003906,0.003906,-219673
207279456,0.507812,1.937500,9.417969,0.001953,0.003906,0.003906,-219830
207329361,0.507812,1.937500,9.417969,0.001953,0.003906,0.003906,-219768
207379268,0.507812,1.937500,9.417969,0.001953,0.003906,0.003906,-219858
207429173,0.507812,1.937500,9.417969,0.001953,0.003906,0.003906,-219777
207479080,0.507812,1.937500,9.417969,0.001953,0.003906,0.003906,-219803
207529472,0.507812,1.937500,9.417969,0.001953,0.003906,0.003906,-219744
207579378,0.507812,1.937500,9.417969,0.001953,0.003906,0.003906,-219860
207629283,0.507812,1.937500,9.417969,0.001953,0.003906,0.003906,-219865
207679191,0.507812,1.937500,9.417969,0.001953,0.003906,0.003906,-219810
207729095,0.507812,1.937500,9.417969,0.001953,0.003906,0.003906,-219741
207779002,0.507812,1.937500,9.417969,0.001953,0.003906,0.003906,-219814
207829393,0.507812,1.937500,9.417969,0.001953,0.003906,0.003906,-219863
207879299,0.507812,1.937500,9.417969,0.001953,0.003906,0.003906,-219890
207929205,0.507812,1.937500,9.417969,0.001953,0.003906,0.003906,-219841
207979110,0.507812,1.937500,9.417969,0.001953,0.003906,0.003906,-219860
208029018,0.507812,1.937500,9.417969,0.001953,0.003906,0.003906,-219860
208079408,0.507812,1.937500,9.417969,0.001953,0.003906,0.003906,-219835
208129314,0.507812,1.937500,9.417969,0.001953,0.003906,0.003906,-219891
208179220,0.507812,1.937500,9.417969,0.001953,0.003906,0.003906,-219841
208229126,0.507812,1.937500,9.417969,0.001953,0.003906,0.003906,-219862
208279035,0.507812,1.937500,9.417969,0.001953,0.003906,0.003906,-219843
208329425,0.507812,1.937500,9.417969,0.001953,0.003906,0.003906,-219687
208379334,0.507812,1.937500,9.417969,0.001953,0.003906,0.003906,-219796
208429242,0.507812,1.937500,9.417969,0.001953,0.003906,0.003906,-219911
208479148,0.507812,1.937500,9.417969,0.001953,0.003906,0.003906,-219840
208529053,0.507812,1.937500,9.417969,0.001953,0.003906,0.003906,-219865
208579445,0.507812,1.937500,9.417969,0.001953,0.003906,0.003906,-219856
208629349,0.507812,1.937500,9.417969,0.001953,0.003906,0.003906,-219894
208679256,0.507812,1.937500,9.417969,0.001953,0.003906,0.003906,-219897
208729161,0.507812,1.937500,9.417969,0.001953,0.003906,0.003906,-219757
208779071,0.507812,1.937500,9.417969,0.001953,0.003906,0.003906,-219870
208829461,0.507812,1.937500,9.417969,0.001953,0.003906,0.003906,-219883
208879365,0.507812,1.937500,9.417969,0.001953,0.003906,0.003906,-219907
208929269,0.507812,1.937500,9.417969,0.001953,0.003906,0.003906,-219924
208979173,0.507812,1.937500,9.417969,0.001953,0.003906,0.003906,-219880
209029078,0.507812,1.937500,9.417969,0.001953,0.003906,0.003906,-219799
209079468,0.507812,1.937500,9.417969,0.001953,0.003906,0.003906,-219859
209129374,0.507812,1.937500,9.417969,0.001953,0.003906,0.003906,-219796
209179279,0.507812,1.937500,9.417969,0.001953,0.003906,0.003906,-219854
209229184,0.507812,1.937500,9.417969,0.001953,0.003906,0.003906,-219873
209279092,0.507812,1.937500,9.417969,0.001953,0.003906,0.003906,-219828
209329003,0.507812,1.937500,9.417969,0.001953,0.003906,0.003906,-219845
209379394,0.507812,1.937500,9.417969,0.001953,0.003906,0.003906,-219849
209429302,0.507812,1.937500,9.417969,0.001953,0.003906,0.003906,-219713
209479209,0.507812,1.937500,9.417969,0.001953,0.003906,0.003906,-219952
209529116,0.507812,1.937500,9.417969,0.001953,0.003906,0.003906,-219874
209579021,0.507812,1.937500,9.417969,0.001953,0.003906,0.003906,-219970
209629415,0.507812,1.937500,9.417969,0.001953,0.003906,0.003906,-219775
209679322,0.507812,1.937500,9.417969,0.001953,0.003906,0.003906,-219888
209729230,0.507812,1.937500,9.417969,0.001953,0.003906,0.003906,-219854
209779137,0.507812,1.937500,9.417969,0.001953,0.003906,0.003906,-219841
209829044,0.507812,1.937500,9.417969,0.001953,0.003906,0.003906,-219864
209879433,0.507812,1.937500,9.417969,0.001953,0.003906,0.003906,-219912
209929339,0.507812,1.937500,9.417969,0.001953,0.003906,0.003906,-219922
209979245,0.507812,1.937500,9.417969,0.001953,0.003906,0.003906,-219898
210029149,0.507812,1.937500,9.417969,0.001953,0.003906,0.003906,-219870
210079056,0.507812,1.937500,9.417969,0.001953,0.003906,0.003906,-219754
210129444,0.507812,1.937500,9.417969,0.001953,0.003906,0.003906,-219929
210179349,0.507812,1.937500,9.417969,0.001953,0.003906,0.003906,-219854
210229256,0.507812,1.937500,9.417969,0.001953,0.003906,0.003906,-219863
210279164,0.507812,1.937500,9.417969,0.001953,0.003906,0.003906,-219947
210329069,0.507812,1.937500,9.417969,0.001953,0.003906,0.003906,-219857
210379458,0.507812,1.937500,9.417969,0.001953,0.003906,0.003906,-219965
210429365,0.507812,1.937500,9.417969,0.001953,0.003906,0.003906,-219984
210479271,0.507812,1.937500,9.417969,0.001953,0.003906,0.003906,-219893
210529179,0.507812,1.937500,9.417969,0.001953,0.003906,0.003906,-219918
210579085,0.507812,1.937500,9.417969,0.001953,0.003906,0.003906,-219986
210629474,0.507812,1.937500,9.417969,0.001953,0.003906,0.003906,-219817
210679378,0.507812,1.937500,9.417969,0.001953,0.003906,0.003906,-219987
210729285,0.507812,1.937500,9.417969,0.001953,0.003906,0.003906,-219946
210779192,0.507812,1.937500,9.417969,0.001953,0.003906,0.003906,-219938
210829100,0.507812,1.937500,9.417969,0.001953,0.003906,0.003906,-219816
210879008,0.507812,1.937500,9.417969,0.001953,0.003906,0.003906,-219956
210929398,0.507812,1.937500,9.417969,0.001953,0.003906,0.003906,-219902
210979303,0.507812,1.937500,9.417969,0.001953,0.003906,0.003906,-219888
211029208,0.507812,1.937500,9.417969,0.001953,0.003906,0.003906,-219942
211079114,0.507812,1.937500,9.417969,0.001953,0.003906,0.003906,-219891
211129022,0.507812,1.937500,9.417969,0.001953,0.003906,0.003906,-219795
211179411,0.507812,1.937500,9.417969,0.001953,0.003906,0.003906,-219715
211229316,0.507812,1.937500,9.417969,0.001953,0.003906,0.003906,-220004
211279220,0.507812,1.937500,9.417969,0.001953,0.003906,0.003906,-219841
211329125,0.507812,1.937500,9.417969,0.001953,0.003906,0.003906,-219844
211379029,0.507812,1.937500,9.417969,0.001953,0.003906,0.003906,-219752
211429423,0.507812,1.937500,9.417969,0.001953,0.003906,0.003906,-219768
211479328,0.507812,1.937500,9.417969,0.001953,0.003906,0.003906,-219814
211529233,0.507812,1.937500,9.417969,0.001953,0.003906,0.003906,-219840
211579138,0.507812,1.937500,9.417969,0.001953,0.003906,0.003906,-219942
211629043,0.507812,1.937500,9.417969,0.001953,0.003906,0.003906,-219882
211679432,0.507812,1.937500,9.417969,0.001953,0.003906,0.003906,-219792
211729338,0.507812,1.937500,9.417969,0.001953,0.003906,0.003906,-219868
211779243,0.507812,1.937500,9.417969,0.001953,0.003906,0.003906,-219847
211829148,0.507812,1.937500,9.417969,0.001953,0.003906,0.003906,-219866
211879051,0.507812,1.937500,9.417969,0.001953,0.003906,0.003906,-219873
211929441,0.507812,1.937500,9.417969,0.001953,0.003906,0.003906,-219871
211979345,0.507812,1.937500,9.417969,0.001953,0.003906,0.003906,-219889
212029250,0.507812,1.937500,9.417969,0.001953,0.003906,0.003906,-219920
212079155,0.507812,1.937500,9.417969,0.001953,0.003906,0.003906,-219873
212129060,0.507812,1.937500,9.417969,0.001953,0.003906,0.003906,-219745
212179449,0.507812,1.937500,9.417969,0.001953,0.003906,0.003906,-219790
212229353,0.507812,1.937500,9.417969,0.001953,0.003906,0.003906,-219902
212279258,0.507812,1.937500,9.417969,0.001953,0.003906,0.003906,-219829
212329165,0.507812,1.937500,9.417969,0.001953,0.003906,0.003906,-219851
212379072,0.507812,1.937500,9.417969,0.001953,0.003906,0.003906,-219981
212429463,0.507812,1.937500,9.417969,0.001953,0.003906,0.003906,-219874
212479369,0.507812,1.937500,9.417969,0.001953,0.003906,0.003906,-219797
212529276,0.507812,1.937500,9.417969,0.001953,0.003906,0.003906,-219814
212579180,0.507812,1.937500,9.417969,0.001953,0.003906,0.003906,-219861
212629085,0.507812,1.937500,9.417969,0.001953,0.003906,0.003906,-219782
212679475,0.507812,1.937500,9.417969,0.001953,0.003906,0.003906,-219862
212729381,0.507812,1.937500,9.417969,0.001953,0.003906,0.003906,-219820
212779286,0.507812,1.937500,9.417969,0.001953,0.003906,0.003906,-219885
212829190,0.507812,1.937500,9.417969,0.001953,0.003906,0.003906,-219880
212879094,0.507812,1.937500,9.417969,0.001953,0.003906,0.003906,-219822
212929003,0.507812,1.937500,9.417969,0.001953,0.003906,0.003906,-219973
212979395,0.507812,1.937500,9.417969,0.001953,0.003906,0.003906,-219943
213029301,0.507812,1.937500,9.417969,0.001953,0.003906,0.003906,-219743
213079206,0.507812,1.937500,9.417969,0.001953,0.003906,0.003906,-219930
213129112,0.507812,1.937500,9.417969,0.001953,0.003906,0.003906,-219706
213179017,0.507812,1.937500,9.417969,0.001953,0.003906,0.003906,-219814
213229406,0.507812,1.937500,9.417969,0.001953,0.003906,0.003906,-219928
213279311,0.507812,1.937500,9.417969,0.001953,0.003906,0.003906,-219840
213329217,0.507812,1.937500,9.417969,0.001953,0.003906,0.003906,-219798
213379122,0.507812,1.937500,9.417969,0.001953,0.003906,0.003906,-219975
213429027,0.507812,1.937500,9.417969,0.001953,0.003906,0.003906,-219924
213479415,0.507812,1.937500,9.417969,0.001953,0.003906,0.003906,-219849
213529320,0.507812,1.937500,9.417969,0.001953,0.003906,0.003906,-219876
213579229,0.507812,1.937500,9.417969,0.001953,0.003906,0.003906,-219874
213629135,0.507812,1.937500,9.417969,0.001953,0.003906,0.003906,-219946
213679040,0.507812,1.937500,9.417969,0.001953,0.003906,0.003906,-219885
213729431,0.507812,1.937500,9.417969,0.001953,0.003906,0.003906,-219882
213779335,0.507812,1.937500,9.417969,0.001953,0.003906,0.003906,-219832
213829239,0.507812,1.937500,9.417969,0.001953,0.003906,0.003906,-219852
213879145,0.507812,1.937500,9.417969,0.001953,0.003906,0.003906,-219876
213929049,0.507812,1.937500,9.417969,0.001953,0.003906,0.003906,-219654
213979437,0.507812,1.937500,9.417969,0.001953,0.003906,0.003906,-219811
214029342,0.507812,1.937500,9.417969,0.001953,0.003906,0.003906,-219753
214079247,0.507812,1.937500,9.417969,0.001953,0.003906,0.003906,-219730
214129154,0.507812,1.937500,9.417969,0.001953,0.003906,0.003906,-219678
214179060,0.507812,1.937500,9.417969,0.001953,0.003906,0.003906,-219725
214229452,0.507812,1.937500,9.417969,0.001953,0.003906,0.003906,-219737
214279358,0.507812,1.937500,9.417969,0.001953,0.003906,0.003906,-219781
214329262,0.507812,1.937500,9.417969,0.001953,0.003906,0.003906,-219720
214379166,0.507812,1.937500,9.417969,0.001953,0.003906,0.003906,-219820
214429071,0.507812,1.937500,9.417969,0.001953,0.003906,0.003906,-219701
214479463,0.507812,1.937500,9.417969,0.001953,0.003906,0.003906,-219872
214529367,0.507812,1.937500,9.417969,0.001953,0.003906,0.003906,-219769
214579274,0.507812,1.937500,9.417969,0.001953,0.003906,0.003906,-219847
214629178,0.507812,1.937500,9.417969,0.001953,0.003906,0.003906,-219788
214679082,0.507812,1.937500,9.417969,0.001953,0.003906,0.003906,-219886
214729473,0.507812,1.937500,9.417969,0.001953,0.003906,0.003906,-219735
214779378,0.507812,1.937500,9.417969,0.001953,0.003906,0.003906,-219791
214829282,0.507812,1.937500,9.417969,0.001953,0.003906,0.003906,-219667
214879191,0.507812,1.937500,9.417969,0.001953,0.003906,0.003906,-219875
214929097,0.507812,1.937500,9.417969,0.001953,0.003906,0.003906,-219827
214979000,0.507812,1.937500,9.417969,0.001953,0.003906,0.003906,-219880
215029390,0.507812,1.937500,9.417969,0.001953,0.003906,0.003906,-219739
215079296,0.507812,1.937500,9.417969,0.001953,0.003906,0.003906,-219780
215129202,0.507812,1.937500,9.417969,0.001953,0.003906,0.003906,-219788
215179107,0.507812,1.937500,9.417969,0.001953,0.003906,0.003906,-219773
215229013,0.507812,1.937500,9.417969,0.001953,0.003906,0.003906,-219753
215279404,0.507812,1.937500,9.417969,0.001953,0.003906,0.003906,-219744
215329311,0.507812,1.937500,9.417969,0.001953,0.003906,0.003906,-219690
215379222,0.507812,1.937500,9.417969,0.001953,0.003906,0.003906,-219805
215429128,0.507812,1.937500,9.417969,0.001953,0.003906,0.003906,-219832
215479033,0.507812,1.937500,9.417969,0.001953,0.003906,0.003906,-219769
215529423,0.507812,1.937500,9.417969,0.001953,0.003906,0.003906,-219772
215579328,0.507812,1.937500,9.417969,0.001953,0.003906,0.003906,-219768
215629233,0.507812,1.937500,9.417969,0.001953,0.003906,0.003906,-219848
215679141,0.507812,1.937500,9.417969,0.001953,0.003906,0.003906,-219817
215729046,0.507812,1.937500,9.417969,0.001953,0.003906,0.003906,-219797
215779434,0.507812,1.937500,9.417969,0.001953,0.003906,0.003906,-219860
215829340,0.507812,1.937500,9.417969,0.001953,0.003906,0.003906,-219721
215879248,0.507812,1.937500,9.417969,0.001953,0.003906,0.003906,-219811
215929152,0.507812,1.937500,9.417969,0.001953,0.003906,0.003906,-219720
215979058,0.507812,1.937500,9.417969,0.001953,0.003906,0.003906,-219762
216029447,0.507812,1.937500,9.417969,0.001953,0.003906,0.003906,-219762
216079352,0.507812,1.937500,9.417969,0.001953,0.003906,0.003906,-219722
216129258,0.507812,1.937500,9.417969,0.001953,0.003906,0.003906,-219814
216179163,0.507812,1.937500,9.417969,0.001953,0.003906,0.003906,-219776
216229070,0.507812,1.937500,9.417969,0.001953,0.003906,0.003906,-219806
216279461,0.507812,1.937500,9.417969,0.001953,0.003906,0.003906,-219800
216329367,0.507812,1.937500,9.417969,0.001953,0.003906,0.003906,-219782
216379272,0.507812,1.937500,9.417969,0.001953,0.003906,0.003906,-219870
216429181,0.507812,1.937500,9.417969,0.001953,0.003906,0.003906,-219798
216479087,0.507812,1.937500,9.417969,0.001953,0.003906,0.003906,-219689
216529478,0.507812,1.937500,9.417969,0.001953,0.003906,0.003906,-219759
216579387,0.507812,1.937500,9.417969,0.001953,0.003906,0.003906,-219721
216629293,0.507812,1.937500,9.417969,0.001953,0.003906,0.003906,-219767
216679200,0.507812,1.937500,9.417969,0.001953,0.003906,0.003906,-219844
216729106,0.507812,1.937500,9.417969,0.001953,0.003906,0.003906,-219706
216779011,0.507812,1.937500,9.417969,0.001953,0.003906,0.003906,-219694
216829399,0.507812,1.937500,9.417969,0.001953,0.003906,0.003906,-219649
216879306,0.507812,1.937500,9.417969,0.001953,0.003906,0.003906,-219670
216929209,0.507812,1.937500,9.417969,0.001953,0.003906,0.003906,-219859
216979113,0.507812,1.937500,9.417969,0.001953,0.003906,0.003906,-219730
217029018,0.507812,1.937500,9.417969,0.001953,0.003906,0.003906,-219757
217079408,0.507812,1.937500,9.417969,0.001953,0.003906,0.003906,-219678
217129315,0.507812,1.937500,9.417969,0.001953,0.003906,0.003906,-219695
217179226,0.507812,1.937500,9.417969,0.001953,0.003906,0.003906,-219681
217229133,0.507812,1.937500,9.417969,0.001953,0.003906,0.003906,-219797
217279038,0.507812,1.937500,9.417969,0.001953,0.003906,0.003906,-219772
217329425,0.507812,1.937500,9.417969,0.001953,0.003906,0.003906,-219789
217379329,0.507812,1.937500,9.417969,0.001953,0.003906,0.003906,-219755
217429235,0.507812,1.937500,9.417969,0.001953,0.003906,0.003906,-219709
217479142,0.507812,1.937500,9.417969,0.001953,0.003906,0.003906,-219801
217529048,0.507812,1.937500,9.417969,0.001953,0.003906,0.003906,-219767
217579438,0.507812,1.937500,9.417969,0.001953,0.003906,0.003906,-219861
217629344,0.507812,1.937500,9.417969,0.001953,0.003906,0.003906,-219670
217679251,0.507812,1.937500,9.417969,0.001953,0.003906,0.003906,-219722
217729156,0.507812,1.937500,9.417969,0.001953,0.003906,0.003906,-219768
217779061,0.507812,1.937500,9.417969,0.001953,0.003906,0.003906,-219660
217829451,0.507812,1.937500,9.417969,0.001953,0.003906,0.003906,-219756
217879356,0.507812,1.937500,9.417969,0.001953,0.003906,0.003906,-219685
217929261,0.507812,1.937500,9.417969,0.001953,0.003906,0.003906,-219786
217979168,0.507812,1.937500,9.417969,0.001953,0.003906,0.003906,-219762
218029073,0.507812,1.937500,9.417969,0.001953,0.003906,0.003906,-219717
218079464,0.507812,1.937500,9.417969,0.001953,0.003906,0.003906,-219836
218129368,0.507812,1.937500,9.417969,0.001953,0.003906,0.003906,-219706
218179276,0.507812,1.937500,9.417969,0.001953,0.003906,0.003906,-219729
218229183,0.507812,1.937500,9.417969,0.001953,0.003906,0.003906,-219721
218279088,0.507812,1.937500,9.417969,0.001953,0.003906,0.003906,-219735
218329478,0.507812,1.937500,9.417969,0.001953,0.003906,0.003906,-219691
218379382,0.507812,1.937500,9.417969,0.001953,0.003906,0.003906,-219610
218429290,0.507812,1.937500,9.417969,0.001953,0.003906,0.003906,-219590
218479196,0.507812,1.937500,9.417969,0.001953,0.003906,0.003906,-219794
218529102,0.507812,1.937500,9.417969,0.001953,0.003906,0.003906,-219664
218579012,0.507812,1.937500,9.417969,0.001953,0.003906,0.003906,-219723
218629401,0.507812,1.937500,9.417969,0.001953,0.003906,0.003906,-219719
218679307,0.507812,1.937500,9.417969,0.001953,0.003906,0.003906,-219660
218729214,0.507812,1.937500,9.417969,0.001953,0.003906,0.003906,-219757
218779122,0.507812,1.937500,9.417969,0.001953,0.003906,0.003906,-219733
218829027,0.507812,1.937500,9.417969,0.001953,0.003906,0.003906,-219657
218879420,0.507812,1.937500,9.417969,0.001953,0.003906,0.003906,-219617
218929325,0.507812,1.937500,9.417969,0.001953,0.003906,0.003906,-219683
218979216,0.507812,1.937500,9.417969,0.001953,0.003906,0.003906,-219683
219029123,0.507812,1.937500,9.417969,0.001953,0.003906,0.003906,-219721
219079027,0.507812,1.937500,9.417969,0.001953,0.003906,0.003906,-219768
219129417,0.507812,1.937500,9.417969,0.001953,0.003906,0.003906,-219721
219179322,0.507812,1.937500,9.417969,0.001953,0.003906,0.003906,-219660
219229228,0.507812,1.937500,9.417969,0.001953,0.003906,0.003906,-219735
219279136,0.507812,1.937500,9.417969,0.001953,0.003906,0.003906,-219676
219329044,0.507812,1.937500,9.417969,0.001953,0.003906,0.003906,-219567
219379434,0.507812,1.937500,9.417969,0.001953,0.003906,0.003906,-219732
219429340,0.507812,1.937500,9.417969,0.001953,0.003906,0.003906,-219618
219479248,0.507812,1.937500,9.417969,0.001953,0.003906,0.003906,-219657
219529154,0.507812,1.937500,9.417969,0.001953,0.003906,0.003906,-219676
219579059,0.507812,1.937500,9.417969,0.001953,0.003906,0.003906,-219627
219629451,0.507812,1.937500,9.417969,0.001953,0.003906,0.003906,-219677
219679360,0.507812,1.937500,9.417969,0.001953,0.003906,0.003906,-219641
219729264,0.507812,1.937500,9.417969,0.001953,0.003906,0.003906,-219614
219779169,0.507812,1.937500,9.417969,0.001953,0.003906,0.003906,-219634
219829077,0.507812,1.937500,9.417969,0.001953,0.003906,0.003906,-219725
219879466,0.507812,1.937500,9.417969,0.001953,0.003906,0.003906,-219588
219929374,0.507812,1.937500,9.417969,0.001953,0.003906,0.003906,-219695
219979280,0.507812,1.937500,9.417969,0.001953,0.003906,0.003906,-219623
220029187,0.507812,1.937500,9.417969,0.001953,0.003906,0.003906,-219703
220079094,0.507812,1.937500,9.417969,0.001953,0.003906,0.003906,-219649
220129002,0.507812,1.937500,9.417969,0.001953,0.003906,0.003906,-219578
220179393,0.507812,1.937500,9.417969,0.001953,0.003906,0.003906,-219635
220229298,0.507812,1.937500,9.417969,0.001953,0.003906,0.003906,-219699
220279205,0.507812,1.937500,9.417969,0.001953,0.003906,0.003906,-219680
220329109,0.507812,1.937500,9.417969,0.001953,0.003906,0.003906,-219632
220379017,0.507812,1.937500,9.417969,0.001953,0.003906,0.003906,-219609
220429407,0.507812,1.937500,9.417969,0.001953,0.003906,0.003906,-219667
220479313,0.507812,1.937500,9.417969,0.001953,0.003906,0.003906,-219548
220529224,0.507812,1.937500,9.417969,0.001953,0.003906,0.003906,-219775
220579130,0.507812,1.937500,9.417969,0.001953,0.003906,0.003906,-219626
220629037,0.507812,1.937500,9.417969,0.001953,0.003906,0.003906,-219688
220679427,0.507812,1.937500,9.417969,0.001953,0.003906,0.003906,-219667
220729333,0.507812,1.937500,9.417969,0.001953,0.003906,0.003906,-219753
220779240,0.507812,1.937500,9.417969,0.001953,0.003906,0.003906,-219587
220829149,0.507812,1.937500,9.417969,0.001953,0.003906,0.003906,-219757
220879055,0.507812,1.937500,9.417969,0.001953,0.003906,0.003906,-219671
220929445,0.507812,1.937500,9.417969,0.001953,0.003906,0.003906,-219603
220979351,0.507812,1.937500,9.417969,0.001953,0.003906,0.003906,-219643
221029256,0.507812,1.937500,9.417969,0.001953,0.003906,0.003906,-219709
221079164,0.507812,1.937500,9.417969,0.001953,0.003906,0.003906,-219588
221129070,0.507812,1.937500,9.417969,0.001953,0.003906,0.003906,-219570
221179461,0.507812,1.937500,9.417969,0.001953,0.003906,0.003906,-219540
221229368,0.507812,1.937500,9.417969,0.001953,0.003906,0.003906,-219597
221279273,0.507812,1.937500,9.417969,0.001953,0.003906,0.003906,-219623
221329179,0.507812,1.937500,9.417969,0.001953,0.003906,0.003906,-219609
