809978,1.503906,1.667969,9.382813,0.000000,0.000000,0.000000,-220872
810032,1.464844,1.632813,9.382813,0.000000,0.000000,0.000000,-220735
810082,1.464844,1.632813,9.382813,0.000000,0.000000,0.000000,-220772
810134,1.464844,1.667969,9.382813,0.000000,0.000000,0.000000,-220650
810184,1.503906,1.632813,9.417969,0.000000,0.000000,0.000000,-220782
810236,1.503906,1.667969,9.382813,0.000000,0.000000,0.000000,-220766
810286,1.464844,1.632813,9.417969,0.000000,0.000000,0.000000,-220802
810336,1.464844,1.632813,9.382813,0.000000,0.000000,0.000000,-220760
810386,1.503906,1.667969,9.417969,0.000000,0.000000,0.000000,-220784
810436,1.503906,1.632813,9.417969,0.000000,0.000000,0.000000,-220809
810490,1.503906,1.667969,9.417969,0.000000,0.000000,0.000000,-220723
810543,1.503906,1.667969,9.417969,0.000000,0.000000,0.000000,-220728
810593,1.503906,1.667969,9.343750,0.000000,0.000000,0.000000,-220873
810645,1.464844,1.632813,9.382813,0.000000,0.000000,0.000000,-220714
810695,1.464844,1.667969,9.382813,0.000000,0.000000,0.000000,-220692
810749,1.464844,1.632813,9.417969,0.000000,0.000000,0.000000,-220727
810803,1.464844,1.632813,9.417969,0.000000,0.000000,0.000000,-220742
810853,1.464844,1.632813,9.382813,0.000000,0.000000,0.000000,-220648
810904,1.464844,1.632813,9.382813,0.000000,0.000000,0.000000,-220746
810954,1.464844,1.632813,9.417969,0.000000,0.000000,0.000000,-220795
811007,1.464844,1.632813,9.382813,0.000000,0.000000,0.000000,-220909
811057,1.503906,1.632813,9.382813,0.000000,0.000000,0.000000,-220708
811107,1.503906,1.667969,9.382813,0.000000,0.000000,0.000000,-220677
811157,1.464844,1.632813,9.382813,0.000000,0.000000,0.000000,-220715
811207,1.503906,1.667969,9.417969,0.000000,0.000000,0.000000,-220727
811261,1.503906,1.632813,9.417969,0.000000,0.000000,0.000000,-220609
811313,1.503906,1.632813,9.382813,0.000000,0.000000,0.000000,-220793
811363,1.503906,1.632813,9.382813,0.000000,0.000000,0.000000,-220606
811413,1.464844,1.667969,9.417969,0.000000,0.000000,0.000000,-220695
811464,1.464844,1.632813,9.382813,0.000000,0.000000,0.000000,-220768
811514,1.503906,1.632813,9.382813,0.000000,0.000000,0.000000,-220784
811565,1.464844,1.667969,9.382813,0.000000,0.000000,0.000000,-220695
811615,1.464844,1.632813,9.382813,0.000000,0.000000,0.000000,-220665
811668,1.464844,1.667969,9.382813,0.000000,0.000000,0.000000,-220851
811723,1.503906,1.632813,9.382813,0.000000,0.000000,0.000000,-220783
811773,1.464844,1.667969,9.417969,0.000000,0.000000,0.000000,-220788
811824,1.503906,1.632813,9.417969,0.000000,0.000000,0.000000,-220697
811874,1.503906,1.667969,9.382813,0.000000,0.000000,0.000000,-220749
811927,1.503906,1.667969,9.417969,0.000000,0.000000,0.000000,-220781
811977,1.503906,1.632813,9.382813,0.000000,0.000000,0.000000,-220625
812027,1.503906,1.632813,9.417969,0.000000,0.000000,0.000000,-220825
812078,1.503906,1.632813,9.382813,0.000000,0.000000,0.000000,-220793
812128,1.503906,1.632813,9.417969,0.000000,0.000000,0.000000,-220740
812181,1.464844,1.667969,9.382813,0.000000,0.000000,0.000000,-220723
812233,1.464844,1.667969,9.382813,0.000000,0.000000,0.000000,-220726
812284,1.503906,1.667969,9.382813,0.000000,0.000000,0.000000,-220683
812337,1.503906,1.667969,9.417969,0.000000,0.000000,0.000000,-220674
812387,1.503906,1.667969,9.417969,0.000000,0.000000,0.000000,-220660
812440,1.503906,1.632813,9.382813,0.000000,0.000000,0.000000,-220670
812494,1.464844,1.632813,9.417969,0.000000,0.000000,0.000000,-220727
812545,1.503906,1.632813,9.382813,0.000000,0.000000,0.000000,-220690
812597,1.503906,1.632813,9.417969,0.000000,0.000000,0.000000,-220738
812647,1.503906,1.667969,9.382813,0.000000,0.000000,0.000000,-220694
812698,1.464844,1.632813,9.417969,0.000000,0.000000,0.000000,-220804
812748,1.503906,1.667969,9.417969,0.000000,0.000000,0.000000,-220781
812798,1.503906,1.632813,9.417969,0.000000,0.000000,0.000000,-220762
812848,1.464844,1.632813,9.382813,0.000000,0.000000,0.000000,-220717
812898,1.503906,1.632813,9.417969,0.000000,0.000000,0.000000,-220856
812953,1.464844,1.667969,9.417969,0.000000,0.000000,0.000000,-220574
813006,1.464844,1.632813,9.417969,0.000000,0.000000,0.000000,-220736
813056,1.503906,1.632813,9.382813,0.000000,0.000000,0.000000,-220760
813107,1.503906,1.632813,9.417969,0.000000,0.000000,0.000000,-220662
813157,1.464844,1.632813,9.382813,0.000000,0.000000,0.000000,-220669
813207,1.503906,1.632813,9.417969,0.000000,0.000000,0.000000,-220663
813257,1.503906,1.632813,9.382813,0.000000,0.000000,0.000000,-220797
813307,1.503906,1.632813,9.382813,0.000000,0.000000,0.000000,-220778
813361,1.503906,1.632813,9.417969,0.000000,0.000000,0.000000,-220695
813414,1.503906,1.667969,9.417969,0.000000,0.000000,0.000000,-220650
813464,1.464844,1.667969,9.382813,0.000000,0.000000,0.000000,-220541
813518,1.503906,1.632813,9.417969,0.000000,0.000000,0.000000,-220792
813568,1.503906,1.632813,9.382813,0.000000,0.000000,0.000000,-220852
813618,1.503906,1.632813,9.382813,0.000000,0.000000,0.000000,-220644
813668,1.503906,1.632813,9.417969,0.000000,0.000000,0.000000,-220722
813718,1.464844,1.632813,9.382813,0.000000,0.000000,0.000000,-220779
813768,1.503906,1.632813,9.382813,0.000000,0.000000,0.000000,-220673
813818,1.503906,1.632813,9.382813,0.000000,0.000000,0.000000,-220679
813873,1.503906,1.632813,9.417969,0.000000,0.000000,0.000000,-220691
813925,1.464844,1.632813,9.417969,0.000000,0.000000,0.000000,-220751
813975,1.503906,1.667969,9.417969,0.000000,0.000000,0.000000,-220722
814027,1.503906,1.632813,9.382813,0.000000,0.000000,0.000000,-220806
814077,1.464844,1.632813,9.417969,0.000000,0.000000,0.000000,-220758
814132,1.503906,1.632813,9.417969,0.000000,0.000000,0.000000,-220678
814186,1.503906,1.632813,9.382813,0.000000,0.000000,0.000000,-220800
814236,1.503906,1.632813,9.382813,0.000000,0.000000,0.000000,-220713
814287,1.503906,1.632813,9.382813,0.000000,0.000000,0.000000,-220779
814337,1.503906,1.632813,9.417969,0.000000,0.000000,0.000000,-220660
814390,1.464844,1.632813,9.382813,0.000000,0.000000,0.000000,-220598
814445,1.464844,1.632813,9.382813,0.000000,0.000000,0.000000,-220790
814495,1.503906,1.667969,9.417969,0.000000,0.000000,0.000000,-220698
814547,1.503906,1.667969,9.417969,0.000000,0.000000,0.000000,-220652
814597,1.503906,1.632813,9.382813,0.000000,0.000000,0.000000,-220607
814649,1.503906,1.632813,9.382813,0.000000,0.000000,0.000000,-220677
814699,1.503906,1.632813,9.417969,0.000000,0.000000,0.000000,-220722
814753,1.503906,1.632813,9.417969,0.000000,0.000000,0.000000,-220843
814806,1.464844,1.632813,9.417969,0.000000,0.000000,0.000000,-220800
814857,1.503906,1.632813,9.382813,0.000000,0.000000,0.000000,-220707
814909,1.464844,1.632813,9.382813,0.000000,0.000000,0.000000,-220778
814959,1.503906,1.632813,9.417969,0.000000,0.000000,0.000000,-220873
815012,1.503906,1.632813,9.382813,0.000000,0.000000,0.000000,-220937
815062,1.503906,1.632813,9.417969,0.000000,0.000000,0.000000,-220697
815117,1.503906,1.667969,9.417969,0.000000,0.000000,0.000000,-220742
815168,1.464844,1.667969,9.382813,0.000000,0.000000,0.000000,-220792
815218,1.503906,1.632813,9.382813,0.000000,0.000000,0.000000,-220800
815270,1.503906,1.632813,9.417969,0.000000,0.000000,0.000000,-220872
815320,1.464844,1.632813,9.417969,0.000000,0.000000,0.000000,-220868
815370,1.464844,1.632813,9.382813,0.000000,0.000000,0.000000,-220743
815420,1.503906,1.632813,9.417969,0.000000,0.000000,0.000000,-220890
815470,1.464844,1.632813,9.382813,0.000000,0.000000,0.000000,-220852
815520,1.464844,1.632813,9.382813,0.000000,0.000000,0.000000,-220805
815570,1.503906,1.593750,9.382813,0.000000,0.000000,0.000000,-220920
815620,1.503906,1.632813,9.417969,0.000000,0.000000,0.000000,-220748
815674,1.464844,1.632813,9.382813,0.000000,0.000000,0.000000,-220974
815726,1.464844,1.632813,9.417969,0.000000,0.000000,0.000000,-220907
815776,1.464844,1.667969,9.382813,0.000000,0.000000,0.000000,-220849
815829,1.503906,1.632813,9.382813,0.000000,0.000000,0.000000,-220830
815879,1.503906,1.667969,9.382813,0.000000,0.000000,0.000000,-220947
815935,1.503906,1.632813,9.382813,0.000000,0.000000,0.000000,-221013
815986,1.503906,1.667969,9.382813,0.000000,0.000000,0.000000,-220831
816037,1.503906,1.632813,9.417969,0.000000,0.000000,0.000000,-220888
816090,1.464844,1.667969,9.417969,0.000000,0.000000,0.000000,-220867
816140,1.503906,1.632813,9.382813,0.000000,0.000000,0.000000,-220790
816190,1.464844,1.632813,9.417969,0.000000,0.000000,0.000000,-220821
816240,1.464844,1.667969,9.417969,0.000000,0.000000,0.000000,-220676
816290,1.503906,1.632813,9.417969,0.000000,0.000000,0.000000,-220824
816341,1.464844,1.667969,9.417969,0.000000,0.000000,0.000000,-220950
816391,1.503906,1.632813,9.417969,0.000000,0.000000,0.000000,-220839
816445,1.503906,1.632813,9.382813,0.000000,0.000000,0.000000,-220754
816497,1.503906,1.632813,9.417969,0.000000,0.000000,0.000000,-220870
816547,1.503906,1.632813,9.382813,0.000000,0.000000,0.000000,-220877
816599,1.464844,1.632813,9.417969,0.000000,0.000000,0.000000,-220744
816649,1.503906,1.632813,9.417969,0.000000,0.000000,0.000000,-220745
816704,1.464844,1.632813,9.417969,0.000000,0.000000,0.000000,-220781
816758,1.464844,1.667969,9.382813,0.000000,0.000000,0.000000,-220799
816808,1.464844,1.667969,9.382813,0.000000,0.000000,0.000000,-220665
816859,1.503906,1.667969,9.382813,0.000000,0.000000,0.000000,-220800
816909,1.503906,1.667969,9.417969,0.000000,0.000000,0.000000,-220760
816962,1.464844,1.667969,9.382813,0.000000,0.000000,0.000000,-220723
817016,1.464844,1.632813,9.417969,0.000000,0.000000,0.000000,-220769
817067,1.503906,1.632813,9.417969,0.000000,0.000000,0.000000,-220807
817120,1.503906,1.632813,9.382813,0.000000,0.000000,0.000000,-220690
817170,1.503906,1.632813,9.417969,0.000000,0.000000,0.000000,-220839
817222,1.503906,1.632813,9.417969,0.000000,0.000000,0.000000,-220763
817272,1.464844,1.632813,9.417969,0.000000,0.000000,0.000000,-220749
817326,1.464844,1.632813,9.417969,0.000000,0.000000,0.000000,-220705
817378,1.503906,1.667969,9.382813,0.000000,0.000000,0.000000,-220746
817428,1.464844,1.632813,9.417969,0.000000,0.000000,0.000000,-220833
817478,1.503906,1.632813,9.417969,0.000000,0.000000,0.000000,-220830
817528,1.503906,1.632813,9.417969,0.000000,0.000000,0.000000,-220709
817578,1.503906,1.632813,9.417969,0.000000,0.000000,0.000000,-220814
817631,1.503906,1.632813,9.382813,0.000000,0.000000,0.000000,-220738
817681,1.503906,1.632813,9.382813,0.000000,0.000000,0.000000,-220735
817732,1.503906,1.632813,9.417969,0.000000,0.000000,0.000000,-220756
817782,1.503906,1.632813,9.417969,0.000000,0.000000,0.000000,-220718
817832,1.464844,1.632813,9.382813,0.000000,0.000000,0.000000,-220813
817882,1.503906,1.632813,9.417969,0.000000,0.000000,0.000000,-220652
817932,1.503906,1.632813,9.382813,-0.011719,0.007813,-0.005859,-220706
817982,1.464844,1.632813,9.382813,0.007813,0.001953,0.000000,-220827
818032,1.503906,1.667969,9.382813,-0.001953,-0.001953,0.000000,-220742
818082,1.464844,1.632813,9.417969,-0.009766,0.001953,-0.005859,-220793
818136,1.464844,1.667969,9.382813,-0.005859,0.001953,-0.001953,-220670
818189,1.503906,1.632813,9.382813,0.001953,-0.001953,0.000000,-220757
818239,1.503906,1.632813,9.382813,0.007813,-0.001953,0.000000,-220780
818291,1.503906,1.667969,9.417969,-0.001953,0.000000,0.000000,-220750
818341,1.503906,1.632813,9.382813,-0.005859,0.001953,0.000000,-220829
818392,1.503906,1.632813,9.417969,0.001953,-0.001953,0.003906,-220795
818442,1.464844,1.632813,9.417969,-0.001953,-0.003906,-0.001953,-220734
818492,1.464844,1.632813,9.417969,0.000000,0.003906,-0.001953,-220796
818545,1.464844,1.632813,9.417969,-0.001953,0.001953,-0.003906,-220784
818597,1.503906,1.632813,9.382813,-0.003906,-0.003906,-0.001953,-220813
818648,1.503906,1.632813,9.417969,0.003906,0.000000,-0.001953,-220954
818700,1.503906,1.667969,9.382813,0.003906,0.000000,0.001953,-220767
818751,1.503906,1.632813,9.417969,0.005859,-0.003906,-0.001953,-220946
818802,1.464844,1.667969,9.417969,0.005859,-0.003906,0.003906,-220846
818852,1.503906,1.632813,9.417969,0.001953,-0.001953,0.000000,-220816
818902,1.464844,1.632813,9.382813,0.005859,0.000000,0.000000,-220859
818952,1.464844,1.632813,9.382813,0.000000,0.000000,0.000000,-220777
819002,1.429688,1.632813,9.386719,0.000000,0.000000,0.000000,-220850
819052,1.464844,1.632813,9.382813,0.000000,0.000000,0.000000,-220858
819102,1.464844,1.632813,9.382813,0.000000,0.000000,0.000000,-220857
819152,1.464844,1.632813,9.417969,0.000000,0.000000,0.000000,-220799
819205,1.503906,1.632813,9.382813,0.000000,0.000000,0.000000,-220850
819258,1.503906,1.667969,9.382813,0.000000,0.000000,0.000000,-220877
819309,1.503906,1.632813,9.382813,0.000000,0.000000,0.000000,-220808
819361,1.464844,1.667969,9.382813,0.000000,0.000000,0.000000,-220890
819411,1.503906,1.632813,9.417969,0.000000,0.000000,0.000000,-220840
819463,1.464844,1.667969,9.382813,0.000000,0.000000,0.000000,-220769
819513,1.503906,1.632813,9.382813,0.000000,0.000000,0.000000,-220880
819563,1.464844,1.632813,9.382813,0.000000,0.000000,0.000000,-220911
819613,1.503906,1.632813,9.382813,0.000000,0.000000,0.000000,-220749
819663,1.503906,1.632813,9.382813,0.000000,0.000000,0.000000,-220751
819718,1.503906,1.632813,9.382813,0.000000,0.000000,0.000000,-220720
819770,1.503906,1.632813,9.417969,0.000000,0.000000,0.000000,-220724
819820,1.464844,1.632813,9.382813,0.000000,0.000000,0.000000,-220881
819873,1.464844,1.667969,9.417969,0.000000,0.000000,0.000000,-220810
819923,1.503906,1.667969,9.417969,0.000000,0.000000,0.000000,-220823
819976,1.503906,1.632813,9.417969,0.000000,0.000000,0.000000,-220699
820029,1.503906,1.632813,9.382813,0.000000,0.000000,0.000000,-220774
820080,1.464844,1.632813,9.417969,0.000000,0.000000,0.000000,-220836
820131,1.503906,1.632813,9.417969,0.000000,0.000000,0.000000,-220721
820181,1.464844,1.632813,9.417969,0.000000,0.000000,0.000000,-220728
820231,1.503906,1.632813,9.417969,0.000000,0.000000,0.000000,-220809
820281,1.464844,1.667969,9.417969,0.000000,0.000000,0.000000,-220809
820331,1.503906,1.632813,9.382813,0.000000,0.000000,0.000000,-220803
820381,1.464844,1.632813,9.382813,0.000000,0.000000,0.000000,-220859
820431,1.503906,1.667969,9.417969,0.000000,0.000000,0.000000,-220884
820481,1.464844,1.632813,9.417969,0.000000,0.000000,0.000000,-220750
820533,1.503906,1.632813,9.417969,0.000000,0.000000,0.000000,-220691
820583,1.503906,1.667969,9.417969,0.000000,0.000000,0.000000,-220691
820638,1.503906,1.667969,9.417969,0.000000,0.000000,0.000000,-220745
820690,1.464844,1.667969,9.382813,0.000000,0.000000,0.000000,-220744
820740,1.464844,1.632813,9.382813,0.000000,0.000000,0.000000,-220836
820793,1.503906,1.593750,9.417969,0.000000,0.000000,0.000000,-220808
820843,1.503906,1.632813,9.343750,0.000000,0.000000,0.000000,-220773
820895,1.464844,1.632813,9.417969,0.000000,0.000000,0.000000,-220750
820950,1.503906,1.667969,9.382813,0.000000,0.000000,0.000000,-220744
821001,1.503906,1.667969,9.382813,0.000000,0.000000,0.000000,-220857
821052,1.503906,1.667969,9.382813,0.000000,0.000000,0.000000,-220581
821102,1.503906,1.667969,9.382813,0.000000,0.000000,0.000000,-220721
821154,1.464844,1.632813,9.382813,0.000000,0.000000,0.000000,-220706
821204,1.503906,1.632813,9.382813,0.000000,0.000000,0.000000,-220875
821254,1.503906,1.632813,9.382813,0.000000,0.000000,0.000000,-220646
821304,1.464844,1.667969,9.382813,0.000000,0.000000,0.000000,-220750
821354,1.464844,1.632813,9.417969,0.000000,0.000000,0.000000,-220689
821404,1.503906,1.632813,9.417969,0.000000,0.000000,0.000000,-220735
821454,1.464844,1.667969,9.417969,0.000000,0.000000,0.000000,-220679
821504,1.464844,1.632813,9.382813,0.000000,0.000000,0.000000,-220669
821554,1.464844,1.632813,9.382813,0.000000,0.000000,0.000000,-220630
821604,1.464844,1.667969,9.382813,0.000000,0.000000,0.000000,-220808
821654,1.464844,1.667969,9.382813,0.000000,0.000000,0.000000,-220686
821707,1.503906,1.632813,9.382813,0.000000,0.000000,0.000000,-220788
821760,1.503906,1.667969,9.417969,0.000000,0.000000,0.000000,-220656
821811,1.464844,1.667969,9.382813,0.000000,0.000000,0.000000,-220824
821862,1.503906,1.667969,9.417969,0.000000,0.000000,0.000000,-220786
821912,1.503906,1.632813,9.382813,0.000000,0.000000,0.000000,-220705
821965,1.464844,1.632813,9.417969,0.000000,0.000000,0.000000,-220847
822015,1.503906,1.632813,9.417969,0.000000,0.000000,0.000000,-220676
822070,1.464844,1.632813,9.417969,0.000000,0.000000,0.000000,-220835
822122,1.503906,1.667969,9.382813,0.000000,0.000000,0.000000,-220798
822172,1.464844,1.667969,9.417969,0.000000,0.000000,0.000000,-220653
822224,1.503906,1.632813,9.417969,0.000000,0.000000,0.000000,-220738
822274,1.464844,1.632813,9.382813,0.000000,0.000000,0.000000,-220680
822329,1.503906,1.667969,9.382813,0.000000,0.000000,0.000000,-220749
822382,1.503906,1.632813,9.417969,0.000000,0.000000,0.000000,-220712
822432,1.464844,1.667969,9.382813,0.000000,0.000000,0.000000,-220671
822485,1.464844,1.632813,9.382813,0.000000,0.000000,0.000000,-220592
822535,1.503906,1.632813,9.417969,0.000000,0.000000,0.000000,-220601
822589,1.503906,1.632813,9.417969,0.000000,0.000000,0.000000,-220564
822641,1.464844,1.632813,9.417969,0.000000,0.000000,0.000000,-220600
822692,1.464844,1.632813,9.417969,0.000000,0.000000,0.000000,-220710
822745,1.503906,1.667969,9.382813,0.000000,0.000000,0.000000,-220718
822795,1.464844,1.632813,9.382813,0.000000,0.000000,0.000000,-220615
822845,1.464844,1.667969,9.382813,0.005859,0.001953,-0.001953,-220734
822895,1.503906,1.632813,9.382813,0.009766,-0.003906,0.000000,-220623
822945,1.503906,1.632813,9.382813,0.007813,0.001953,0.000000,-220644
822995,1.503906,1.632813,9.417969,0.000000,-0.001953,0.003906,-220716
823045,1.503906,1.632813,9.417969,0.003906,0.000000,-0.001953,-220703
823095,1.464844,1.667969,9.417969,-0.003906,0.000000,0.001953,-220732
823145,1.503906,1.667969,9.417969,-0.007813,-0.001953,0.001953,-220657
823195,1.503906,1.632813,9.382813,0.007813,0.000000,0.000000,-220641
823250,1.464844,1.632813,9.382813,0.001953,0.000000,-0.001953,-220591
823301,1.503906,1.667969,9.382813,-0.005859,0.000000,-0.001953,-220623
823351,1.464844,1.632813,9.382813,0.001953,0.003906,-0.001953,-220584
823401,1.464844,1.667969,9.417969,0.000000,0.000000,-0.001953,-220609
823451,1.464844,1.667969,9.417969,0.003906,0.003906,0.003906,-220595
823502,1.503906,1.632813,9.382813,0.000000,0.000000,-0.001953,-220699
823553,1.464844,1.632813,9.382813,0.003906,0.000000,0.000000,-220556
823604,1.503906,1.667969,9.382813,0.005859,0.000000,0.000000,-220517
823656,1.464844,1.632813,9.417969,0.001953,-0.001953,0.003906,-220582
823706,1.503906,1.632813,9.382813,-0.005859,-0.001953,0.000000,-220585
823756,1.464844,1.632813,9.382813,0.005859,0.000000,0.000000,-220591
823806,1.503906,1.632813,9.382813,0.005859,-0.001953,0.001953,-220416
823856,1.503906,1.632813,9.417969,0.001953,0.000000,0.000000,-220452
823910,1.503906,1.632813,9.417969,-0.003906,-0.001953,0.000000,-220452
823963,1.503906,1.632813,9.417969,-0.003906,-0.001953,0.000000,-220353
824013,1.464844,1.632813,9.382813,0.003906,0.000000,0.000000,-220488
824066,1.503906,1.632813,9.382813,-0.003906,0.000000,-0.001953,-220510
824116,1.503906,1.632813,9.417969,0.001953,0.000000,-0.001953,-220587
824167,1.503906,1.667969,9.417969,0.003906,-0.001953,0.000000,-220452
824217,1.503906,1.632813,9.417969,0.003906,0.000000,0.000000,-220507
824267,1.464844,1.667969,9.417969,0.000000,0.000000,0.000000,-220551
824317,1.503906,1.632813,9.417969,0.001953,-0.003906,0.001953,-220481
824367,1.503906,1.667969,9.382813,0.003906,-0.001953,0.000000,-220507
824417,1.503906,1.632813,9.382813,0.003906,-0.003906,0.001953,-220472
824467,1.503906,1.632813,9.382813,-0.001953,-0.001953,0.001953,-220540
824517,1.464844,1.632813,9.417969,-0.005859,0.001953,0.000000,-220544
824571,1.503906,1.632813,9.417969,0.001953,0.001953,-0.001953,-220511
824623,1.503906,1.667969,9.382813,0.003906,0.003906,0.000000,-220581
824674,1.464844,1.632813,9.382813,0.003906,-0.001953,-0.001953,-220382
824727,1.503906,1.632813,9.382813,0.005859,0.000000,-0.001953,-220425
824777,1.503906,1.667969,9.417969,0.001953,-0.001953,0.000000,-220483
824828,1.503906,1.632813,9.417969,0.001953,-0.001953,-0.001953,-220574
824882,1.464844,1.632813,9.417969,0.000000,0.000000,0.003906,-220532
824933,1.503906,1.632813,9.382813,-0.001953,0.001953,0.000000,-220477
824986,1.503906,1.667969,9.382813,0.000000,0.000000,-0.001953,-220486
825036,1.464844,1.632813,9.417969,0.000000,0.001953,0.001953,-220538
825088,1.503906,1.632813,9.417969,-0.003906,0.000000,0.000000,-220482
825138,1.464844,1.667969,9.417969,-0.003906,0.001953,-0.001953,-220382
825188,1.464844,1.632813,9.382813,0.000000,0.001953,0.000000,-220543
825238,1.503906,1.667969,9.417969,0.000000,0.000000,0.000000,-220497
825293,1.503906,1.632813,9.417969,0.003906,0.000000,-0.001953,-220377
825343,1.464844,1.632813,9.382813,-0.009766,-0.001953,0.000000,-220489
825394,1.503906,1.632813,9.382813,0.003906,-0.003906,0.001953,-220515
825444,1.464844,1.632813,9.382813,0.005859,-0.001953,0.000000,-220524
825498,1.464844,1.593750,9.417969,-0.007813,0.000000,-0.001953,-220550
825553,1.503906,1.632813,9.417969,-0.009766,0.001953,-0.001953,-220516
825603,1.503906,1.632813,9.417969,-0.007813,0.001953,-0.001953,-220674
825654,1.464844,1.632813,9.417969,0.003906,0.001953,0.000000,-220507
825704,1.464844,1.632813,9.382813,0.000000,0.000000,0.000000,-220636
825757,1.503906,1.632813,9.417969,0.000000,0.000000,0.000000,-220465
825807,1.503906,1.667969,9.417969,0.000000,0.000000,0.000000,-220508
825862,1.464844,1.632813,9.382813,0.000000,0.000000,0.000000,-220488
825913,1.503906,1.632813,9.417969,0.000000,0.000000,0.000000,-220588
825963,1.503906,1.632813,9.382813,0.000000,0.000000,0.000000,-220623
826013,1.503906,1.632813,9.382813,0.000000,0.000000,0.000000,-220390
826063,1.464844,1.632813,9.382813,0.000000,0.000000,0.000000,-220586
826115,1.503906,1.632813,9.417969,0.000000,0.000000,0.000000,-220452
826165,1.503906,1.632813,9.382813,0.000000,0.000000,0.000000,-220560
826215,1.503906,1.632813,9.417969,0.000000,0.000000,0.000000,-220532
826269,1.503906,1.632813,9.382813,0.000000,0.000000,0.000000,-220632
826324,1.503906,1.667969,9.417969,0.000000,0.000000,0.000000,-220581
826374,1.464844,1.667969,9.417969,0.000000,0.000000,0.000000,-220530
826425,1.503906,1.632813,9.417969,0.000000,0.000000,0.000000,-220356
826475,1.503906,1.667969,9.417969,0.000000,0.000000,0.000000,-220496
826527,1.503906,1.593750,9.382813,0.000000,0.000000,0.000000,-220673
826577,1.503906,1.667969,9.382813,0.000000,0.000000,0.000000,-220594
826628,1.503906,1.632813,9.417969,0.000000,0.000000,0.000000,-220635
826678,1.464844,1.632813,9.417969,0.000000,0.000000,0.000000,-220728
826728,1.503906,1.632813,9.417969,0.000000,0.000000,0.000000,-220514
826779,1.503906,1.632813,9.417969,0.000000,0.000000,0.000000,-220684
826834,1.503906,1.667969,9.417969,0.000000,0.000000,0.000000,-220636
826884,1.503906,1.667969,9.382813,0.000000,0.000000,0.000000,-220642
826937,1.503906,1.667969,9.382813,0.000000,0.000000,0.000000,-220661
826987,1.503906,1.667969,9.382813,0.000000,0.000000,0.000000,-220648
827039,1.503906,1.632813,9.417969,0.000000,0.000000,0.000000,-220531
827089,1.503906,1.667969,9.382813,0.000000,0.000000,0.000000,-220647
827139,1.503906,1.632813,9.417969,0.000000,0.000000,0.000000,-220598
827189,1.503906,1.632813,9.417969,0.000000,0.000000,0.000000,-220598
827239,1.503906,1.632813,9.417969,0.000000,0.000000,0.000000,-220515
827292,1.503906,1.632813,9.417969,0.000000,0.000000,0.000000,-220528
827346,1.503906,1.632813,9.382813,0.000000,0.000000,0.000000,-220595
827396,1.503906,1.632813,9.382813,0.000000,0.000000,0.000000,-220567
827448,1.464844,1.667969,9.417969,0.000000,0.000000,0.000000,-220652
827498,1.503906,1.632813,9.382813,0.000000,0.000000,0.000000,-220446
827550,1.503906,1.632813,9.382813,0.000000,0.000000,0.000000,-220579
827606,1.503906,1.632813,9.382813,0.000000,0.000000,0.000000,-220588
827656,1.503906,1.632813,9.417969,0.000000,0.000000,0.000000,-220510
827707,1.503906,1.667969,9.382813,0.000000,0.000000,0.000000,-220529
827757,1.464844,1.632813,9.417969,0.000000,0.000000,0.000000,-220554
827812,1.503906,1.632813,9.382813,0.000000,0.000000,0.000000,-220650
827865,1.503906,1.632813,9.417969,0.000000,0.000000,0.000000,-220583
827916,1.503906,1.632813,9.382813,0.000000,0.000000,0.000000,-220553
827967,1.503906,1.632813,9.382813,0.000000,0.000000,0.000000,-220608
828017,1.464844,1.632813,9.417969,0.000000,0.000000,0.000000,-220640
828069,1.464844,1.667969,9.417969,0.000000,0.000000,0.000000,-220523
828119,1.503906,1.667969,9.382813,0.000000,0.000000,0.000000,-220558
828169,1.503906,1.632813,9.417969,0.000000,0.000000,0.000000,-220502
828219,1.503906,1.632813,9.417969,0.000000,0.000000,0.000000,-220588
828269,1.503906,1.632813,9.382813,0.000000,0.000000,0.000000,-220584
828321,1.542969,1.632813,9.382813,0.000000,0.000000,0.000000,-220567
828376,1.464844,1.632813,9.382813,0.000000,0.000000,0.000000,-220555
828426,1.503906,1.632813,9.417969,0.000000,0.000000,0.000000,-220569
828478,1.503906,1.632813,9.417969,0.000000,0.000000,0.000000,-220639
828528,1.503906,1.667969,9.382813,0.000000,0.000000,0.000000,-220572
828583,1.503906,1.667969,9.417969,0.000000,0.000000,0.000000,-220550
828636,1.503906,1.632813,9.382813,0.000000,0.000000,0.000000,-220528
828687,1.503906,1.632813,9.382813,0.000000,0.000000,0.000000,-220546
828738,1.503906,1.632813,9.417969,0.000000,0.000000,0.000000,-220667
828788,1.503906,1.632813,9.382813,0.000000,0.000000,0.000000,-220644
828840,1.464844,1.632813,9.382813,0.000000,0.000000,0.000000,-220602
828890,1.503906,1.632813,9.382813,0.000000,0.000000,0.000000,-220529
828940,1.503906,1.593750,9.382813,0.000000,0.000000,0.000000,-220506
828990,1.464844,1.632813,9.417969,0.000000,0.000000,0.000000,-220485
829040,1.503906,1.593750,9.417969,0.000000,0.000000,0.000000,-220452
829095,1.464844,1.632813,9.382813,0.000000,0.000000,0.000000,-220522
829147,1.503906,1.632813,9.417969,0.000000,0.000000,0.000000,-220619
829197,1.503906,1.667969,9.382813,0.000000,0.000000,0.000000,-220554
829250,1.503906,1.667969,9.382813,0.000000,0.000000,0.000000,-220697
829300,1.503906,1.667969,9.417969,0.000000,0.000000,0.000000,-220599
829354,1.503906,1.632813,9.382813,0.000000,0.000000,0.000000,-220490
829407,1.503906,1.632813,9.382813,0.000000,0.000000,0.000000,-220570
829458,1.503906,1.632813,9.417969,0.000000,0.000000,0.000000,-220659
829509,1.503906,1.632813,9.417969,0.000000,0.000000,0.000000,-220631
829559,1.503906,1.632813,9.417969,0.000000,0.000000,0.000000,-220643
829610,1.503906,1.632813,9.382813,0.000000,0.000000,0.000000,-220534
829660,1.503906,1.632813,9.417969,0.000000,0.000000,0.000000,-220462
829710,1.464844,1.632813,9.382813,0.000000,0.000000,0.000000,-220511
829761,1.464844,1.667969,9.417969,0.000000,0.000000,0.000000,-220615
829811,1.464844,1.667969,9.417969,0.000000,0.000000,0.000000,-220525
829865,1.503906,1.632813,9.382813,0.000000,0.000000,0.000000,-220601
